Line,CMP,50%Freq,AmpKurt,AmpSlp,CIP,CndWtFreq,CompAbsAmp,DomPowSpec,IDomFreq,InfoEntr,MaxPkAmp,RelQ,RespBand
651,800,28.6679,22762.2,-0.0126365,0.0589721,30.23,20967.9,29,30.4417,219.294,11416.5,6.33946,3.82146
651,801,28.6979,24168,-0.0129199,0.060746,30.8376,22239.2,29,30.2834,218.254,12099.4,6.10973,3.82043
651,802,28.6033,26100,-0.0132135,0.0655276,30.0607,22795.4,29,30.1838,217.662,12600.8,5.58711,3.64161
651,803,28.675,25644.4,-0.0136539,0.0536715,30.6045,23138.2,29,29.9623,217.752,12854.4,5.25026,3.91325
651,804,28.6368,26052.5,-0.0126779,0.0666315,30.0477,22992.8,29,30.1683,217.681,12648.2,5.76319,3.60717
651,805,28.7762,28608.1,-0.0118614,0.0605652,30.591,24070.4,29,30.1707,220.229,12693.7,6.66405,3.22692
651,806,28.6799,28966.9,-0.01152,0.0445546,29.8237,24230.5,29,29.9495,225.397,13096.5,6.84926,2.99211
651,807,28.6578,28687,-0.0122527,0.0637272,29.9017,24234.8,29,30.2714,223.073,13310.3,6.25332,3.39276
651,808,28.814,27291.3,-0.0107833,0.0693365,30.6191,22654.4,29,30.4024,223.076,12037.3,6.94853,2.98
651,809,27.7797,27118.8,-0.0107762,0.0566767,29.6833,23152.2,28,30.1129,224.406,12135.8,6.69905,3.05188
651,810,26.7576,26689.2,-0.0126704,0.065161,28.7598,23205.8,27,30.6633,218.157,12669.4,6.04829,3.62201
651,811,27.6904,28213.7,-0.0113172,0.0625628,29.1904,22603.1,28,30.5846,225.506,12101.3,6.92122,3.11819
651,812,27.6657,26635,-0.0114436,0.0567623,28.9787,21521.1,28,30.105,215.346,11644.2,6.76425,3.24155
651,813,29.3473,24712.9,-0.0129428,0.0288933,30.7166,21439.1,29,30.1433,213.26,11351.4,6.60183,3.46231
651,814,28.8224,21615.8,-0.0106698,0.0190094,30.3438,19263.7,29,29.8514,210.877,9907.31,6.98481,2.97564
651,815,28.9761,23200,-0.0116963,0.00973044,30.4119,20387.8,28,29.8089,212.715,10698.7,6.76599,3.14379
651,816,28.7683,23980.5,-0.0118662,0.00354498,30.2302,20203.3,28,29.8221,213.58,10717.9,6.82986,3.03737
651,817,27.6677,25753.8,-0.0119789,0.00142832,29.1686,20881,28,29.7976,210.531,11127.9,6.69452,3.08382
651,818,27.976,25313.6,-0.0122372,0.0262643,29.8249,21165.5,27,30.4538,212.775,11434.3,6.71443,3.5037
651,819,30.5399,25540.5,-0.0119042,0.0060753,29.3558,20849,32,30.0103,213.376,11158.1,6.76919,3.30285
651,820,31.6618,27922.6,-0.0130105,0.0138221,29.6437,22405.8,26,30.1746,216.195,11960.5,6.49026,3.67705
651,821,27.7357,28930.1,-0.011278,0.0410535,29.0732,23505.2,27,30.9204,219.785,12533.1,6.89863,3.39005
651,822,32.8649,24800.1,-0.0128553,0.0077743,30.4088,22735.3,34,30.8502,211.33,12228.1,6.71939,3.78745
651,823,32.2575,26376.7,-0.0114133,0.00172612,30.5432,23619.1,33,30.6297,213.556,12317.5,7.03705,3.13662
651,824,31.3962,27751.6,-0.0112753,-0.00933686,29.8789,24801.6,32,30.4255,217.527,13013.7,7.11311,3.05168
651,825,32.1738,30739.7,-0.0124075,-0.0162902,30.5017,26703,33,30.1967,215.101,14109.9,6.86693,3.29528
651,826,31.4551,30654.8,-0.0108954,-0.0204124,30.5963,26131.4,32,30.0654,211.33,13483.7,7.08773,2.78119
651,827,31.4627,31529.2,-0.010372,-0.0215082,30.6581,26366.5,32,30.0144,217.273,13484.4,7.16983,2.59301
651,828,31.5212,31327.6,-0.0108916,-0.0145765,30.7427,26455.2,33,30.1783,211.288,13797.4,7.19312,2.74371
651,829,32.2189,30269.3,-0.0117832,-0.0268352,30.4588,26199.6,33,30.5105,219.934,13752.8,7.10975,2.91107
651,830,32.2308,33829,-0.0136464,-0.0407142,29.9004,28246.1,34,30.2232,222.107,14898.7,6.80422,3.28939
651,831,32.3084,32688.2,-0.0134536,-0.0479839,29.7556,27892.1,34,30.0726,220.628,14626.3,6.83461,3.25416
651,832,32.1177,31462.3,-0.0137666,-0.0432358,30.3368,27509.4,33,30.2571,217.333,14547.1,6.74216,3.5286
651,833,33.1006,30891.4,-0.0132864,-0.0286357,31.4504,27846.2,34,30.6679,206.257,14801.7,6.68983,3.56661
651,834,29.9167,31961.1,-0.0129238,-0.0219518,30.6171,29683.5,27,30.8095,214.429,15569.1,6.62317,3.5766
651,835,34.2324,31349.1,-0.0136182,-0.0273892,31.9648,30183.7,36,30.7922,214.68,15970,6.57148,3.93261
651,836,35.1559,29830.2,-0.0140604,-0.0253133,32.7828,28590.8,36,30.9138,212.184,15149.9,6.25975,4.18322
651,837,33.4278,26507.1,-0.0119322,-0.00523715,31.9525,26371.1,28,31.232,209.7,13890.3,6.8644,3.52594
651,838,32.2936,25628.9,-0.0102827,-0.00627579,32.6918,25528.1,30,31.2079,209.237,13019,7.02314,3.01813
651,839,31.5292,25629.4,-0.0105261,0.00407015,31.4598,25443.5,29,30.8229,213.669,13064.5,6.82155,3.40015
651,840,32.0986,24165,-0.0110661,0.00749408,31.5665,24247.5,28,30.9032,213.944,12655,6.7306,3.55138
651,841,30.6079,23006.6,-0.0113449,0.0115478,31.9676,22933.5,30,30.8546,213.003,11829.3,6.60227,3.62374
651,842,30.7782,22243.5,-0.00980958,-0.00106005,31.8701,22224.8,31,30.5528,210.786,10841.6,6.64722,3.71436
651,843,31.1464,21685.1,-0.00920114,0.022128,32.2133,22051.3,31,31.1704,211.289,10894.3,6.85099,3.33051
651,844,30.0785,22883.5,-0.0105077,0.0425747,31.3646,21939.2,30,30.8256,216.191,11244.1,6.70951,3.36199
651,845,29.8172,23544.8,-0.0100843,0.0319731,31.1429,23313.4,30,30.7202,216.431,11858.3,6.77829,3.39341
651,846,30.3755,22448.7,-0.0112986,0.00418716,31.1853,22257.4,29,30.1946,217.006,11090.6,6.34613,4.13638
651,847,32.1633,20964.9,-0.00947703,-0.0275938,31.6296,20184,33,30.0083,209.979,9647.07,6.64037,3.84704
651,848,29.9669,21149,-0.00924187,0.00436671,30.9339,19659.5,30,30.0822,213.283,9358.16,6.54766,4.10832
651,849,30.5952,19546,-0.00857883,0.010113,31.2111,19633.5,31,30.1394,215.839,9357.74,6.5698,3.86056
651,850,30.8722,18978.3,-0.00938943,-0.00623879,31.1426,18809.5,31,29.6831,210.907,8872.03,6.24947,4.21276
651,851,29.8137,20996,-0.0101668,0.0415213,30.7173,20583,30,30.2192,219.191,9991.32,6.28532,4.61262
651,852,29.8946,23609.5,-0.00962822,0.0247758,30.6536,21275.7,30,29.2936,220.73,9973.11,6.01084,5.06424
651,853,29.9403,23837.8,-0.00892826,0.0378625,31.0334,20499.7,30,29.4854,220.417,9351.76,5.96101,5.37925
651,854,30.2286,25632.9,-0.00929159,0.0299775,31.2055,21690.2,30,29.2103,223.839,9772.57,5.57447,5.39071
651,855,29.3505,23900.8,-0.0106561,0.0440073,30.4339,21634.3,30,28.8012,226.05,10162.5,5.96582,5.49944
651,856,29.7724,28275.9,-0.0130295,0.0485616,30.7992,23301.6,30,28.8941,227.521,11059.2,5.90146,6.0081
651,857,29.5475,27181,-0.014209,0.0553796,31.343,24309.5,30,29.2407,229.981,11853.2,5.69815,6.00069
651,858,29.9927,26759.3,-0.0131533,0.0669494,31.4134,24596.6,30,29.5219,231.028,11979.9,5.83473,5.1568
651,859,29.9549,30388.5,-0.0135137,0.0401279,31.5065,26889.4,30,29.8037,228.805,13143.5,5.97917,4.69315
651,860,29.8611,28908.2,-0.014194,0.0313965,31.2967,25525.1,30,29.549,223.97,12642.9,5.83012,4.72102
651,861,28.7426,32479,-0.0141571,0.0625075,29.9665,27618.4,29,30.0323,234.04,13913.5,5.83959,5.00932
651,862,29.4714,31808.7,-0.0130675,0.073913,30.9668,27949.2,30,30.1809,234.844,14143.7,6.02381,4.40739
651,863,28.5747,33364,-0.0139763,0.0661292,29.8083,28214.5,29,29.8693,233.567,14502.4,5.88985,4.43337
651,864,28.8583,32305,-0.0135343,0.0670983,30.4581,26672.5,29,29.8347,231.989,13609.9,5.97674,4.20486
651,865,29.331,35062.6,-0.0132139,0.0730348,30.5992,27807.4,30,29.9665,234.997,14284.5,6.2573,3.59132
651,866,29.5445,31576.3,-0.012489,0.0741497,30.5249,25997.8,30,30.1211,235.49,13338.6,6.5174,3.36873
651,867,29.5874,31076.8,-0.0134741,0.0669901,30.7954,26512.1,30,30.2276,236.345,13779.2,6.40456,3.83051
651,868,29.5486,32802.5,-0.0137552,0.0712452,30.5425,26443.5,30,30.1503,237.264,13666.3,6.52345,3.5289
651,869,29.5406,31939.8,-0.0124277,0.0681719,30.4916,25598.8,30,30.0991,236.39,12917,6.53525,3.32984
651,870,28.4542,35310.5,-0.0135226,0.0937843,30.1661,26061.5,29,30.151,243.172,13504.6,6.30834,3.61027
651,871,28.5795,35168.6,-0.0145681,0.0960412,29.791,26298.2,29,30.1751,242.68,13742.9,6.17479,3.67078
651,872,28.8103,38412.2,-0.0147963,0.0962855,30.3018,27734.7,29,30.1642,246.217,14113.1,6.26122,3.5585
651,873,28.8455,39138.7,-0.0139445,0.0853418,30.369,28397.8,29,29.506,244.247,14167.1,6.32056,3.57573
651,874,28.9352,41786.8,-0.0156128,0.0779706,30.3371,29493.3,29,29.4114,246.862,14655.1,6.06942,4.05647
651,875,28.9502,40641.7,-0.0150061,0.0715157,30.3426,29772.1,29,29.2224,246.921,14717.7,6.02525,4.05159
651,876,27.8473,43531.2,-0.0156992,0.0881726,30.3014,30557.3,28,28.8556,249.413,15503.4,5.74199,4.25163
651,877,28.4435,43294.9,-0.016262,0.0945648,30.2859,29859.9,29,28.8678,244.072,14983.9,5.76437,4.42139
651,878,28.717,38865.2,-0.0178787,0.1118,31.1431,28807.4,29,29.164,247.214,14896.3,5.5823,4.59145
651,879,28.7773,38882.5,-0.0163309,0.117951,31.1306,29908.2,29,29.0282,249.843,15114.5,5.7676,4.0819
651,880,28.7162,37000.8,-0.0159357,0.105138,30.8578,29718.2,29,28.6125,245.514,14941.3,5.52645,4.48708
651,881,27.9432,38405.8,-0.0164272,0.108981,31.3678,30042.1,28,28.3038,249.381,15480.6,5.43069,4.96266
651,882,28.8127,41288.6,-0.0171474,0.0977455,31.7801,31700.6,28,27.4741,236.856,16493.8,5.21674,5.08696
651,883,27.9456,39580.8,-0.0178556,0.109425,30.8878,32013.4,28,28.7047,241.665,16886.5,5.24045,5.64408
651,884,28.3883,37224.6,-0.0170875,0.117404,31.3805,30622.1,28,28.6808,245.542,15937,5.47937,5.16787
651,885,28.8091,36415.6,-0.0159707,0.108907,30.8331,30403.8,29,28.4309,241.437,15568.7,5.32777,4.88766
651,886,28.0905,36010.1,-0.0173441,0.102264,31.2261,30258.2,28,28.4102,238.387,15805.5,4.90392,5.63195
651,887,27.8248,36089.9,-0.0181262,0.0967751,30.4654,30502,28,27.9987,233.125,16190.3,4.66668,5.88262
651,888,27.6694,38460.3,-0.0186649,0.0842332,29.7235,30842,28,27.698,233.98,16317.4,4.60718,5.66914
651,889,28.1815,37871.7,-0.0173119,0.0898657,30.3416,30064.8,28,28.0225,240.935,15526.1,5.03433,5.14014
651,890,28.66,36263.6,-0.017191,0.106155,31.4598,30074.8,28,28.8264,244.251,15585.4,5.08168,5.3233
651,891,28.5555,35165.9,-0.0154012,0.106084,31.5665,30025.2,29,28.7569,246.734,15323.5,5.54304,4.61262
651,892,28.6374,34319.2,-0.0161623,0.0907584,31.9676,29628,28,28.6976,246.939,15390.7,5.24398,5.06424
651,893,28.531,30913.7,-0.0155308,0.100105,31.8701,27753.9,28,28.9707,243.57,14272.5,5.37069,5.37925
651,894,28.5498,33047.9,-0.0166146,0.0987445,32.2133,28502.1,28,28.9641,244.542,14934.3,5.16704,5.39071
651,895,28.3226,35867.9,-0.0170755,0.0930782,31.3646,28560.2,28,28.8141,246.768,14603.9,5.27127,5.49944
651,896,27.7422,38579.5,-0.0184551,0.11008,31.1429,29718.5,28,28.5113,249.18,15604.7,4.8672,6.0081
651,897,27.6902,35327.6,-0.0171571,0.118563,31.1853,28913.8,28,29.2305,253.317,15060.1,5.16641,6.00069
651,898,27.6475,34927.4,-0.0164629,0.133375,31.6296,28624.1,28,29.3568,254.734,15067,5.33273,5.1568
651,899,27.6875,34827.2,-0.0154593,0.132,29.5942,28505.3,28,29.229,256.676,14580.6,5.66983,4.79239
651,900,27.6269,37213.3,-0.0161892,0.129176,29.3129,29571.6,28,29.1718,251.596,15356.4,5.52722,4.94949
651,901,27.6937,35142.5,-0.0158705,0.118582,30.0278,28773.1,28,29.1359,251.279,14782.7,5.45498,5.40282
651,902,28.4172,31587.9,-0.0169879,0.104419,30.8038,27703.6,28,29.4462,244.022,14303.1,5.20726,5.76518
651,903,28.5578,32693.7,-0.0155723,0.101257,30.5427,28297.9,28,28.856,244.719,14282.6,5.37273,5.31723
651,904,28.6146,32355.3,-0.014713,0.106898,30.7389,28196.7,29,28.6936,244.484,14192.4,5.44357,4.87534
651,905,28.3018,31497.5,-0.0140946,0.115186,30.7392,27935.4,28,28.7894,244.249,14412.3,5.68223,4.32361
651,906,27.803,33469.5,-0.0153043,0.110372,29.9165,27985.5,28,28.7122,240.443,14544,5.46971,4.55504
651,907,27.7321,35213.9,-0.0158795,0.100433,29.7891,28521.6,28,28.5338,239.497,14971,5.3221,4.59789
651,908,27.8275,32265.2,-0.0141124,0.0965233,29.5942,26439.2,28,28.7395,241.962,13334.3,5.63265,4.48946
651,909,27.5692,33248.7,-0.0129343,0.0867135,28.7426,26802.4,28,28.4791,238.526,13580.4,5.78508,4.00442
651,910,29.1769,32466.3,-0.0135305,0.0505075,29.7472,26242.5,27,28.0987,232.734,13088.6,5.7473,4.1827
651,911,28.6815,29819.1,-0.0132915,0.0733338,29.7058,24449,29,28.8033,230.491,12359.4,5.92884,4.09955
651,912,28.5397,33542.1,-0.0120419,0.0642005,29.6149,26008.7,29,28.5171,236.555,12917.9,6.25195,3.57656
651,913,28.5303,33667.3,-0.0119846,0.0721733,29.4458,25261.4,29,28.866,238.327,12646.7,6.47522,3.22601
651,914,29.5293,33637.5,-0.0125311,0.0376494,30.1697,25840.5,30,28.7265,228.468,12597.8,6.14644,3.82613
651,915,28.6673,31505,-0.0124081,0.042733,30.0202,24978.2,29,29.0535,225.866,12268.8,6.09594,4.00675
651,916,28.5868,34997.5,-0.0131991,0.0411144,29.8111,26255.9,29,28.9854,233.066,13178.1,6.1578,3.80337
651,917,28.5467,35656.6,-0.0110225,0.037972,29.6692,26226.5,29,28.7503,231.865,12752.6,6.49141,3.48737
651,918,27.6135,39788.1,-0.0127917,0.0547166,28.7236,27578.6,28,28.3862,236.073,13639,6.19489,3.7699
651,919,28.7106,37846.7,-0.0142229,0.0457213,29.9757,28327.5,29,28.9313,231.071,14373.9,6.1234,3.65013
651,920,28.6987,40784.5,-0.0143314,0.0373324,29.9082,28880.8,29,28.6786,232.873,14564.3,6.19854,3.55064
651,921,28.4042,39188.6,-0.0128206,0.0339436,30.0399,28202.4,29,28.6648,234.159,13867.6,6.21523,3.71375
651,922,28.3904,39481.7,-0.0127659,0.0355402,29.5474,28045.7,29,28.7955,234.617,13720.1,6.21301,3.94824
651,923,28.2443,38060,-0.0134031,0.0419833,29.5665,27380.1,28,28.9456,226.337,13950.7,6.26672,3.38942
651,924,27.7277,39450.9,-0.0136721,0.0569829,29.3294,28405.2,28,29.3645,227.696,14782.8,6.24881,3.4695
651,925,27.7273,37985.6,-0.0134883,0.0618348,29.1217,26899.7,28,29.7688,235.123,13976,6.28123,3.36995
651,926,29.4602,34789.4,-0.013853,0.0229495,30.4147,26197.3,29,29.5194,226.247,13370.7,6.31528,3.4066
651,927,29.3739,36808,-0.0131789,0.0161572,30.2794,26128.8,30,29.2453,224.931,13076.5,6.61144,3.18071
651,928,28.7165,37920.2,-0.0150657,0.0168201,30.1427,27743.3,29,29.2887,225.134,14418.9,6.16467,3.61772
651,929,28.6617,37534.2,-0.014626,0.0131199,30.3185,27237.3,29,29.221,226.837,13959.6,6.24747,3.56621
651,930,28.1602,40300,-0.0154252,0.00030922,29.7356,28093,28,28.7994,226.699,14273.3,6.15957,3.75086
651,931,28.4256,43673.9,-0.0158018,0.00456665,29.6339,29239.2,29,28.8761,226.83,14819,6.04573,3.91877
651,932,29.6692,39735.6,-0.0166715,-0.0261493,30.5901,28798.2,29,28.8014,219.517,14869.2,5.76309,3.87088
651,933,28.3791,39013.1,-0.0170043,-0.0164341,29.9619,28055.5,27,29.227,219.171,14723.5,5.61175,4.09645
651,934,27.835,39031.9,-0.0168353,-0.00163503,30.1686,28784.8,28,29.5676,220.615,15508.5,5.4953,4.04905
651,935,28.7761,41336.4,-0.0145979,-0.00784631,30.0194,29029.7,29,29.2729,222.472,15005.6,6.2101,3.3612
651,936,28.3286,41313.5,-0.0144838,-0.00751565,30.0435,29151,27,29.3898,220.759,15131.3,6.21394,3.41903
651,937,28.922,39229.8,-0.0145257,-0.0179278,30.5618,28339.8,29,29.1171,240.935,14344.3,6.0886,3.60343
651,938,28.98,42127.8,-0.0143887,-0.0260891,30.3513,29165,28,28.922,244.251,14945,6.18643,3.29463
651,939,29.5944,42682.4,-0.0144674,-0.0195543,30.2004,28855.1,28,29.0851,246.734,14789.8,6.20575,3.28874
651,940,28.7899,43258.6,-0.0136132,-0.0241427,29.5867,29252.8,28,29.0373,246.939,14993.2,6.44015,3.04964
651,941,30.5864,37492.3,-0.0126129,-0.0348978,31.1564,27020,29,29.5844,243.57,13706.2,6.71821,2.83806
651,942,29.5304,46907.6,-0.01473,-0.0547666,30.4597,28372.8,29,29.0214,244.542,15780.9,6.3667,3.1849
651,943,31.28,47212.4,-0.0151705,-0.0486714,30.3138,27947.6,33,29.0849,246.768,16806.7,6.38913,3.01727
651,944,30.796,48223.9,-0.0147646,-0.0455931,30.1068,27145.8,33,29.0922,249.18,16331.5,6.44254,2.98902
651,945,30.7302,45459.9,-0.0132966,-0.0477403,30.0911,29301,32,29.1835,253.317,15812.7,6.73103,2.61045
651,946,30.4909,44421.6,-0.0132152,-0.0450979,30.0786,28573,32,29.32,254.734,15903.8,6.64115,2.7923
651,947,30.3367,42504.7,-0.013668,-0.0482319,29.9154,30874.6,32,29.2442,256.676,16697.8,6.73758,2.72815
651,948,30.4547,40608.1,-0.0133335,-0.0530308,30.0004,32184.5,32,29.0451,251.596,15857.8,6.72121,2.72765
651,949,29.7213,41259.7,-0.0125316,-0.0125214,29.7826,32562.6,31,29.1993,251.279,16438.7,6.63381,2.81597
651,950,29.0464,42126.9,-0.0134356,-0.0181196,29.8809,30728.6,28,29.1504,244.022,16868.5,6.55724,2.91156
651,951,30.4659,40264.2,-0.0133324,-0.0134908,30.0694,29525.5,33,29.3141,244.719,16434.3,6.56579,2.84243
651,952,31.1079,38868.8,-0.0146078,-0.00832413,29.9924,32078.3,32,28.9512,244.484,16100.9,6.45468,3.02923
651,953,31.0458,40203.3,-0.0142448,-0.0271502,29.8958,32727.7,32,29.0487,244.249,17030.8,6.40196,2.9673
651,954,30.4883,43414.4,-0.0137458,-0.0438431,29.7605,32709.4,31,28.5978,234.783,16707,6.59405,2.86652
651,955,30.6308,43187.7,-0.014292,-0.0194972,29.7918,32226.3,32,28.6532,234.099,17084.5,6.55736,2.90866
651,956,32.2538,44245.5,-0.015748,-0.032497,30.5041,31444.6,34,28.535,226.967,17829.4,6.54646,3.13702
651,957,32.3001,45371.9,-0.0155164,-0.02419,30.2511,30192.4,33,28.3022,229.249,16841.3,6.63547,3.01845
651,958,32.1356,45787.9,-0.0162534,-0.0197113,29.9708,31848.9,33,28.4509,229.454,16802.9,6.39896,3.22493
651,959,32.0247,42879.9,-0.0157058,-0.0456014,30.0697,30948,26,28.7756,229.071,16547.3,6.53114,3.09788
651,960,31.2918,46104.2,-0.0144559,-0.0427357,30.3604,32332.3,33,28.5823,231.719,16459.6,6.80631,2.75407
651,961,31.413,44962.6,-0.0149169,-0.0112063,30.0613,31613.8,33,28.3952,232.403,16224.4,6.80332,2.7394
651,962,31.2971,48420.4,-0.0159741,-0.0113183,30.0869,33048.9,33,28.6401,232.154,17062.5,6.53904,3.05961
651,963,29.2261,46276.8,-0.0153873,-0.000603047,30.0624,31501.1,27,29.1031,226.519,16352.6,6.39824,3.27056
651,964,29.8909,43435.2,-0.014418,-0.0175427,29.9292,30192.6,27,29.147,226.425,15723.3,6.63047,3.10013
651,965,28.8901,46124.8,-0.0125553,-0.0121061,30.0355,32938.5,28,29.1602,230.02,17184.2,6.88021,2.67497
651,966,30.4405,47507,-0.0131123,-0.0291714,29.9299,32371.5,31,28.946,227.701,16480.8,6.74918,2.77974
651,967,30.0416,46857.8,-0.013778,-0.0272762,29.6351,32735.3,31,29.0657,228.787,17084.8,6.61668,2.94424
651,968,30.5603,47405.1,-0.0144474,-0.0320553,29.4266,32329.2,32,29.0045,211.454,16868.8,6.54733,3.04817
651,969,30.8563,47385.6,-0.0152704,-0.0301375,29.5134,31954.4,32,29.0704,209.057,16716.9,6.16811,3.34235
651,970,29.0286,44500.4,-0.0157131,-0.0252042,29.4076,31016.6,27,29.1103,217.313,16467.4,6.1251,3.4163
651,971,30.6526,44421.6,-0.0164727,-0.0405987,29.3261,30366.3,33,28.8561,215.674,15962.5,6.01184,3.62776
651,972,31.6415,42504.7,-0.0162644,-0.0438968,29.6668,29946,33,28.7727,226.016,15923.7,5.91979,3.55121
651,973,31.2158,40608.1,-0.0145586,-0.0458372,29.7788,28957.6,33,28.6566,227.318,15140,6.21919,3.16313
651,974,27.717,41259.7,-0.0151097,-0.046063,29.2191,29091.3,27,28.6844,227.748,15450.3,5.96151,3.23511
651,975,31.6899,42126.9,-0.0162274,-0.0397667,29.5037,29184.6,33,28.8929,224.468,15656.8,5.64562,3.62827
651,976,28.4661,40264.2,-0.0154222,-0.0174891,29.1644,28372.8,26,29.372,221.051,15353.8,5.71301,3.51187
651,977,27.0107,38868.8,-0.0142442,-0.03095,29.385,27947.6,27,29.0538,228.136,14916,6.09002,3.19046
651,978,28.1129,40203.3,-0.0150093,-0.0371427,29.3935,27145.8,27,28.9841,227.591,14421.9,5.8985,3.31445
651,979,26.9118,43414.4,-0.0143304,-0.000902905,29.1983,29301,27,28.9986,226.612,15813.8,5.75992,3.28997
651,980,27.1253,43187.7,-0.0146307,-0.00124246,29.0993,28573,27,28.8973,225.973,15132.7,6.12411,3.32297
651,981,28.8637,44245.5,-0.0148032,-0.0331081,30.3474,30874.6,29,28.7521,224.989,16236.7,6.44331,3.02891
651,982,28.074,45371.9,-0.0156772,-0.0388355,29.7486,32184.5,27,28.68,230.523,17224.1,5.88064,3.2862
651,983,27.8673,45787.9,-0.0155292,-0.0362384,29.609,32562.6,27,28.6638,229.55,17471.9,6.09928,3.22249
651,984,28.0028,42879.9,-0.0151981,-0.0399661,30.2094,30728.6,28,28.6956,227.03,16513.3,6.0966,3.12773
651,985,27.9832,40329.2,-0.0157769,-0.0442873,30.0384,29525.5,28,28.6187,224.189,15737.6,6.17337,3.37917
651,986,28.2822,43362.9,-0.0149442,-0.0463884,29.7235,32078.3,27,28.5335,230.853,16951.2,6.36652,3.20813
651,987,27.8712,44645.6,-0.0158165,-0.0184912,29.4871,32727.7,28,28.4748,230.788,17508.7,5.79769,3.62235
651,988,26.5669,44967.8,-0.0170892,-0.0186523,28.7878,32709.4,26,28.5595,230.389,17759.8,5.40712,4.03444
651,989,26.7948,43414.2,-0.0162491,-0.00832413,28.9796,32226.3,27,28.7285,229.894,17637.3,5.45834,3.89586
651,990,32.2209,42958,-0.016405,-0.0271502,29.9967,31444.6,34,28.3424,225.576,17248,5.42685,3.80988
651,991,27.8454,39238.4,-0.0167769,-0.0438431,29.9851,30192.4,28,28.4766,212.442,16402.7,5.56512,3.70526
651,992,28.5144,42106.9,-0.0164406,-0.0194972,30.2584,31848.9,29,28.2859,225.489,17131.9,5.68342,3.76754
651,993,27.888,40061.3,-0.0164829,-0.032497,30.1551,30948,28,28.0156,219.323,16951,5.40498,3.78386
651,994,26.5805,38889.9,-0.0163143,-0.02419,27.8353,30316.5,27,28.2273,224.394,16785.8,5.32108,3.89839
651,995,26.7044,39417.5,-0.0158914,-0.0197113,28.5557,29003.7,27,28.3945,226.726,16004.8,5.50983,3.63757
651,996,26.9249,36691.4,-0.0164507,-0.0456014,29.8267,28678.4,27,28.402,224.158,15674.4,5.59994,3.60401
651,997,33.0254,38750.6,-0.0174728,-0.0427357,30.4822,28757.8,34,28.4017,225.922,15631.7,5.86294,3.78418
651,998,26.7826,43853.3,-0.0167666,-0.0112063,28.9876,31454,27,28.3969,225.255,17112.3,5.78334,3.74722
651,999,26.6457,48817.3,-0.0163444,-0.0113183,28.1384,33972,27,28.5228,231.039,18258,5.98338,3.65469
651,1000,27.6156,46351.8,-0.0149615,-0.000603047,28.8914,32663.9,28,28.6625,229.32,17407,6.39453,3.35371
651,1001,28.0052,46203.1,-0.0150333,-0.0349171,29.9226,33985.8,28,28.429,230.019,17778.6,6.46576,3.13912
651,1002,28.0935,47578.7,-0.0152073,-0.0329829,29.6537,33096.5,27,28.5281,231.605,17214.2,6.46776,3.0916
651,1003,26.9863,47635.7,-0.0161291,-0.0313334,29.1687,33279.8,27,28.5753,230.65,17589.6,6.29741,3.36026
651,1004,28.0636,48044.6,-0.0158027,-0.0122167,29.2211,32670.6,28,28.326,230.398,17095.1,6.15903,3.45215
651,1005,27.791,49135.4,-0.0157513,-0.0185257,28.9638,32590.6,27,28.1467,224.576,16911.4,6.15351,3.50649
651,1006,27.6233,49349.8,-0.0165658,-0.012564,28.9356,33238.2,27,28.291,215.885,17474.5,5.87378,3.77228
651,1007,29.2353,47835.8,-0.016131,-0.0270192,30.2423,33579.9,28,28.5908,221.525,17443,6.06207,3.44268
651,1008,28.1164,48196.1,-0.0161515,-0.0184263,29.686,32861.1,28,28.0249,229.105,16792.7,6.03378,3.60066
651,1009,29.245,44561.8,-0.0146154,-0.0123265,29.9523,30587.8,28,28.1528,226.84,15504.7,6.28923,3.2984
651,1010,28.0253,49773.5,-0.014658,-0.0203652,29.4676,33653.6,28,28.0643,233.017,17065,6.30737,3.26028
651,1011,28.0012,46688.4,-0.0163954,-0.00479857,29.6935,32757.6,28,28.5444,225.135,17300.7,5.86983,3.69062
651,1012,27.8029,44406.3,-0.0169295,-0.00863204,29.5317,31329.3,27,28.386,223.97,16486.1,5.84771,3.82401
651,1013,27.3842,48856.3,-0.016717,-0.0108958,29.3482,34023.9,27,28.3641,231.166,17936.2,5.88268,3.82738
651,1014,26.9544,49805.3,-0.0172062,-0.0218451,29.1503,34893.6,27,28.1451,231.78,18506.2,5.79901,3.89589
651,1015,27.7556,50622.4,-0.0165592,-0.0224073,29.2858,34318.2,27,28.149,231.735,17913.6,6.12386,3.06268
651,1016,27.0163,46665,-0.0165506,-0.0187619,29.291,31979.2,27,28.1628,228.515,16736.4,6.00343,3.10305
651,1017,27.9632,41066.6,-0.0182303,-0.0505014,29.8891,29884.8,27,28.1706,213.105,15645.6,5.56619,3.57546
651,1018,28.6631,42245.1,-0.0174735,-0.0481666,30.3429,30549.5,27,28.1697,219.17,15915.8,5.79293,3.72331
651,1019,27.9555,41117.8,-0.0162061,-0.0536342,29.9916,29987.2,28,27.9923,226.567,15478.2,5.93618,3.66597
651,1020,30.4155,43596.9,-0.0154918,-0.0471544,29.6352,30299.5,26,28.1125,227.577,15409.7,6.14702,3.34161
651,1021,28.6504,43779.9,-0.0164455,-0.0192008,29.4722,29918.1,26,28.1302,223.682,15296.8,5.97389,3.17189
651,1022,29.8095,44798.6,-0.0165324,-0.0154438,29.7223,30394,27,28.2319,224.884,15565.1,6.00148,3.43366
651,1023,27.6678,42297.9,-0.0153673,-0.0127802,29.301,28799.9,27,28.1752,215.719,14712.1,6.35564,3.94943
651,1024,32.1214,41827.6,-0.0168257,-0.0560707,29.9803,29246.6,34,28.0207,214.896,15070.5,6.1354,3.57661
651,1025,29.966,45722.4,-0.0165516,-0.0403211,29.3825,30764.5,26,27.6924,223.437,15445.4,6.08937,3.78691
651,1026,31.5029,43390.8,-0.0172379,-0.0660964,29.4165,29485.6,34,27.9394,222.854,14805.9,6.03552,3.91642
651,1027,30.1942,44471.1,-0.0169733,-0.0364403,28.5114,29162.4,32,28.0291,229.598,14887.1,6.15788,3.9512
651,1028,31.2155,44188.5,-0.0163152,-0.0207111,29.0389,29146.3,32,28.3856,230.144,15003.7,6.22438,3.73602
651,1029,31.2351,44806.2,-0.0171517,-0.0173987,29.1447,30380.5,32,28.6015,230.352,15946.7,6.05552,4.00424
651,1030,30.3214,45090.3,-0.0173224,-0.0223926,28.568,30992,31,28.5696,232.404,16439,5.9842,4.0274
651,1031,30.5154,43678.2,-0.0176685,-0.00980131,28.2365,30558.4,31,29.0128,228.936,16378.4,5.73763,4.22612
651,1032,30.8193,43209.1,-0.0175123,-0.0143684,27.67,30570.3,32,28.9167,228.267,16395.2,5.81763,4.17121
651,1033,31.2331,42159.8,-0.0182652,-0.00948386,29.1811,30072.2,32,29.1697,230.384,16257.3,5.48056,4.5024
651,1034,30.3301,41568.1,-0.0179977,-0.0109862,26.8929,29775.5,31,29.1092,228.147,16132.1,5.67839,4.36082
651,1035,30.462,42912.9,-0.016961,-0.048656,27.6072,29536.7,31,28.8384,225.106,15498.1,6.47899,3.71875
651,1036,30.9479,42196.8,-0.0163883,-0.0457081,27.5914,29638.4,32,28.8548,226.342,15666.9,6.66282,3.55146
651,1037,31.3707,39366.6,-0.0173358,-0.0300684,29.5833,28580.7,32,29.1917,223.992,15529.1,5.89604,3.92266
651,1038,31.4204,40788.6,-0.0164261,-0.0269421,30.5777,29111.7,32,29.1757,225.576,15557.3,6.64726,3.58926
651,1039,31.0726,37556,-0.0168772,-0.0177634,28.3387,27110.5,24,29.4492,223.113,14704.1,6.05605,3.82401
651,1040,31.3172,38453.3,-0.0169846,-0.0291991,29.2621,26994.1,32,29.1886,222.871,14302.6,6.43115,3.82738
651,1041,31.3149,38608.6,-0.0174896,-0.0571602,29.5883,27275.4,32,28.5734,221.84,14329.1,6.38881,3.89589
651,1042,30.5551,37700.7,-0.0151589,-0.0541669,28.5369,25694.3,31,28.5156,211.069,13267.3,6.84269,3.06268
651,1043,31.1656,39896.5,-0.0152325,-0.0399726,29.4821,26849.3,32,28.7102,217.863,13789.8,6.74607,3.10305
651,1044,31.0965,38050.6,-0.01646,-0.0297825,28.3298,26928.6,32,28.9522,219.748,14217.9,6.44568,3.57546
651,1045,32.3472,37917.1,-0.0169174,-0.0333188,30.8156,26815,33,28.8623,205.718,14227.8,5.99652,3.72331
651,1046,32.1184,37069.4,-0.0166315,-0.0229755,29.4061,26330.4,33,29.1351,214.897,14010.4,6.00726,3.66597
651,1047,32.1855,41501.1,-0.0156887,-0.0449367,30.2352,27869.6,33,28.6134,219.596,14224.2,6.33608,3.34161
651,1048,31.0139,38915.3,-0.0152477,-0.0458743,29.5015,26177.5,33,28.5801,239.264,13324.9,6.48687,3.17189
651,1049,31.4196,39815.6,-0.01632,-0.0499665,29.4253,26871.5,33,28.3703,234.147,13835.3,6.25817,3.43366
651,1050,32.3863,36249,-0.0175645,-0.0285348,31.2981,25299,33,28.9897,228.099,13529.4,5.86901,3.94943
651,1051,26.8186,36391.9,-0.0175599,-0.000203879,28.9869,25720.6,26,28.9347,231.963,13882.3,5.71802,4.16055
651,1052,28.9404,35806.1,-0.0179987,-0.0398626,30.536,26454.8,28,28.5921,220.938,13900.9,5.55862,4.18331
651,1053,29.0628,37659.9,-0.0182028,-0.0469725,30.1214,27966.2,27,28.4737,226.258,14785.7,5.56841,4.15925
651,1054,30.744,37688.1,-0.0171063,-0.0435432,30.0943,26844.5,35,28.5921,227.518,13870.1,5.85382,3.82508
651,1055,31.8269,39353.5,-0.0177612,-0.044664,30.47,28931.5,35,28.6484,224.636,15329,5.56846,4.01949
651,1056,28.6613,39677.9,-0.0175144,-0.0403602,30.1705,29097,27,28.7262,230.37,15462.6,5.74284,3.91938
651,1057,28.6381,40674.5,-0.0182002,-0.00912711,29.4495,29157.1,27,28.6868,231.913,15500.1,5.45479,4.36433
651,1058,28.8292,40506.9,-0.016813,0.00748762,29.75,28642.3,28,28.8745,230.417,15052.4,5.9622,3.84641
651,1059,29.8538,36435.6,-0.0171693,-0.0329704,30.7107,26774.9,29,28.6021,213.981,13810.3,5.80097,3.95019
651,1060,29.6772,39042.6,-0.017425,-0.0203174,30.1503,28013.2,29,28.1534,221.469,14451.4,5.50341,4.19634
651,1061,28.7548,39313.3,-0.0169127,-0.0189816,29.7535,28124.7,28,28.2329,220.002,14685.3,5.80018,3.83936
651,1062,27.8257,38622.8,-0.0158029,-0.0170541,29.3589,27027.2,28,28.244,223.167,14181.4,6.09153,3.41777
651,1063,28.6972,33822.2,-0.0160903,-0.00836435,30.0767,26095.3,28,28.2917,211.854,13849,5.78981,3.73335
651,1064,28.6765,36948.9,-0.0169352,-0.00618031,29.755,27043.1,28,28.3284,221.749,14298.1,5.64755,3.86831
651,1065,27.9883,40616,-0.0173151,-0.00268475,29.0636,28749,27,27.7254,223.534,15185,5.44488,4.04836
651,1066,28.6942,38358,-0.0185932,-0.0373406,29.764,27979.5,27,27.6264,215.321,14590.4,5.22555,4.48217
651,1067,28.8798,39302,-0.0173565,-0.0313136,29.4299,28005.2,26,27.8852,223.697,14722.8,5.446,4.00998
651,1068,27.4264,39764.8,-0.0167577,0.0126724,28.9808,27792.3,27,28.2091,229.898,14794.2,5.59007,3.88326
651,1069,27.4114,39756.7,-0.0160077,0.00132413,28.7449,27221.1,27,27.992,224.677,14441.2,5.7186,3.62075
651,1070,27.8841,37030.2,-0.0162355,-0.0130946,29.2896,26800.3,28,27.6146,220.439,14224.2,5.3045,3.71859
651,1071,27.4589,37012.7,-0.0159501,-0.0171328,28.7591,26531.9,27,27.4879,226.555,14221.3,5.47213,3.55349
651,1072,27.6244,39469.7,-0.0149496,-0.0202186,28.5806,26584.3,28,27.3042,225.637,13828.6,6.04118,3.2451
651,1073,27.3117,39903.4,-0.0143068,0.00904402,28.0763,26039.2,28,27.316,232.798,13457.3,6.14405,3.19318
651,1074,28.2246,38206.9,-0.0142898,-0.0197063,28.8023,25764.7,28,27.2029,225.681,13157.2,6.07724,3.07945
651,1075,27.6538,38443.4,-0.0140628,-0.0266272,28.5292,25832.7,27,27.063,234.459,13347.7,6.10161,2.9338
651,1076,26.4793,39778.7,-0.0141513,0.00341678,27.7289,26343,26,27.1381,234.947,13791.2,6.01522,3.00154
651,1077,27.3186,37395.5,-0.0136861,-0.0337779,28.6578,25618.9,27,26.8795,231.988,13107.4,6.10317,2.72896
651,1078,27.1625,38786.3,-0.0136953,-0.0422178,28.2836,25820.2,26,26.8552,232.946,13188.5,6.14944,2.77583
651,1079,26.7525,38738.2,-0.0140779,-0.0133122,28.0499,25898.4,27,26.8795,235.09,13424.9,5.87827,3.01015
651,1080,26.7657,39392.2,-0.0142536,-0.00945926,28.1889,26795.3,27,26.9486,220.594,14186.8,5.71911,3.00509
651,1081,25.5575,42036.4,-0.0145288,-0.0177864,26.5076,28212.8,26,26.896,239.264,15025.9,5.5977,3.16711
651,1082,26.8071,36155.6,-0.0155266,-0.0521957,28.6047,26100.8,27,26.8565,234.147,14198.4,5.27746,3.25934
651,1083,27.041,38652.6,-0.0143229,-0.0149908,28.9988,26996.7,27,26.8219,228.099,14507.9,5.59268,3.00371
651,1084,26.6338,39158.6,-0.0146277,-0.0165647,28.0357,26623.9,27,26.9298,231.963,14219.6,5.74227,3.11678
651,1085,26.6054,38650.5,-0.0139593,-0.00448389,27.7373,25883.7,27,27.1399,220.938,13749.5,5.83092,3.03282
651,1086,26.5776,39315.1,-0.0144389,0.000241584,27.5376,26255.5,27,27.1805,226.258,14006.2,5.96388,3.15951
651,1087,27.8507,36669.8,-0.0154131,-0.0269345,28.906,26386.8,28,27.1132,227.518,14007.2,5.74015,3.29776
651,1088,27.7837,35944.1,-0.0153066,-0.00287303,28.9262,25355.7,28,27.6874,224.636,13419.1,5.88245,3.2834
651,1089,28.2149,37727.3,-0.0143596,0.0074822,28.4172,25830.7,29,27.1267,230.37,13485,5.93088,3.10889
651,1090,27.7289,37051.4,-0.0136648,0.00696624,28.339,25210.9,28,27.1684,231.913,13170,6.06237,2.89858
651,1091,28.421,37491.6,-0.0145855,-0.000834753,27.7487,25306,29,26.8958,230.417,12989.4,5.89475,3.22852
651,1092,27.9702,36817.7,-0.0137887,-0.0260669,27.9571,24642.8,29,26.5215,232.439,12714.5,5.97103,2.98317
651,1093,27.7666,36978.8,-0.0143009,-0.0127848,28.1793,24792.7,28,26.7458,229.067,12770.1,5.9121,3.1816
651,1094,27.9566,36832.1,-0.0142223,0.00353682,28.2931,24674.8,29,26.9343,225.617,12794.8,5.78448,3.21397
651,1095,28.3893,36643,-0.0131867,0.00135092,28.3827,24390.4,29,26.8407,231.711,12667.2,5.84519,2.92313
651,1096,27.5415,35899.9,-0.0151701,0.0148578,28.2482,24468.5,28,27.2686,225.879,12976.9,5.41376,3.53595
651,1097,27.9503,35437.8,-0.0164752,0.0173024,28.2079,24835.8,28,27.264,223.259,13388.9,5.20299,3.89508
651,1098,28.2794,36229.4,-0.0167549,0.00775304,28.3524,25109.1,29,27.3032,220.181,13312.1,5.18548,4.0983
651,1099,27.702,37415,-0.0169899,0.0110312,28.0488,24790.3,28,27.2638,220.987,12835,5.39802,4.29592
651,1100,27.4802,37417.7,-0.0163718,-0.0254804,28.47,24897.1,28,27.1654,222.186,12910.8,5.77576,3.75853
651,1101,27.3175,37577.4,-0.0162045,-0.0331745,28.387,25072.7,27,26.9415,222.109,12980.8,5.86217,3.66104
651,1102,26.8123,34572.9,-0.0166819,-0.0046305,27.9169,23541.9,27,26.9555,223.611,12385,5.94682,3.88043
651,1103,26.9994,34361.4,-0.0163977,0.00195871,28.1106,23277.7,27,27.1887,225.968,12203.2,5.73215,3.89313
651,1104,26.8555,34544.5,-0.0161211,0.000909676,27.9804,23463.4,27,27.1023,222.063,12386.7,5.52237,3.83756
651,1105,26.8492,33975.7,-0.0167815,-0.00898233,27.8167,22767.4,27,26.9,216.9,11863,5.58026,4.08963
651,1106,27.271,35066.6,-0.0152806,-0.0175286,27.8305,22674,27,26.3667,223.609,11491.9,5.65131,3.71318
651,1107,26.7094,34777.5,-0.0152113,-0.0246085,27.7012,22872.9,26,26.3054,227.823,11618.1,5.62628,3.57594
651,1108,26.6487,35519.3,-0.0131327,-0.0361914,27.4983,22265.7,27,26.0777,233.975,10962.2,5.98887,3.27776
651,1109,26.9684,34970.3,-0.0136292,-0.0192394,27.5619,21823.9,27,26.352,232.006,10832.3,5.95526,3.35114
651,1110,26.4721,32873.5,-0.0152543,-0.0229651,27.4183,21270.1,27,26.1222,230.472,10786.8,5.7168,3.60169
651,1111,26.2,33613.3,-0.0142606,0.010309,27.2413,21398.3,26,26.2427,229.378,10866.7,5.60263,3.59137
651,1112,26.0116,33940.3,-0.0132169,0.0104617,27.1371,21812.3,26,26.3241,232.212,11058.7,5.65169,3.50059
651,1113,26.2869,34879.7,-0.0124215,0.00243031,27.0694,21452.6,27,26.3144,235.267,10879.2,5.92912,3.08583
651,1114,25.7675,35099.7,-0.0126326,-0.00441654,26.6951,21289.1,26,26.0639,235.048,10608.1,6.16458,3.10423
651,1115,25.5781,35189.5,-0.011308,0.0167572,26.3241,21246.9,26,25.8152,225.769,10303.7,5.34135,3.45343
651,1116,26.3114,35249.5,-0.0139515,-0.0288453,26.9374,21762.8,26,25.5705,232.301,10824.3,5.04912,3.7537
651,1117,25.808,34434.2,-0.0141735,-0.0271458,26.7191,21371.4,26,25.4355,232.285,10691.7,5.11804,3.7273
651,1118,24.9955,30483.1,-0.0128323,-0.0152897,26.3289,20015,25,25.4315,234.578,10589.6,5.45785,2.93372
651,1119,25.4669,31865.1,-0.0125852,-0.0105515,26.4687,20353.7,26,25.3575,236.808,10586.2,5.70876,2.86084
651,1120,24.9101,32432.6,-0.0115787,0.0120653,25.8753,20056,25,25.4726,242.16,10359.1,5.96537,2.72664
651,1121,25.6377,28636,-0.0133741,-0.0208782,26.4836,19433.3,24,25.1892,235.11,10263.1,5.61372,2.94151
651,1122,26.2667,28736.7,-0.0131016,-0.0106217,25.8385,18704.4,28,24.9815,237.565,9715.34,5.53863,3.10621
651,1123,25.8064,29815.7,-0.0134873,-0.0178757,25.6461,19635.7,27,24.9119,248.44,10443.8,5.47212,3.09239
651,1124,27.0963,28635,-0.0131862,-0.0477736,26.1108,19174,28,24.8937,244.826,10013.1,5.68834,2.80305
651,1125,25.4473,28624.8,-0.0118745,-0.0129381,25.8254,18849.5,25,25.0922,239.144,10053.2,5.95915,2.48153
651,1126,25.6938,30089.7,-0.0115225,0.0127074,25.7546,19843.9,28,25.2046,241.719,10529.2,6.47164,2.37141
651,1127,26.4947,29822.6,-0.0118331,-0.0170313,25.9976,19949.4,27,25.0184,245.323,10408.7,6.52736,2.37675
651,1128,25.4723,25198.3,-0.0107233,-0.00191682,25.2348,20265.8,26,24.9898,249.137,10871.1,6.04059,2.88247
651,1129,26.478,29982.2,-0.0133504,-0.032806,26.5709,20007.2,27,24.8913,248.003,10533.5,6.10277,2.78658
651,1130,25.6784,31162.8,-0.0110854,-0.0264702,23.6898,21119.4,26,25.053,249.375,10756.3,6.63327,2.45588
651,1131,25.4735,28147.7,-0.0110998,-0.000215094,24.7851,20057.3,26,25.2767,245.305,10489.1,6.72464,2.7084
651,1132,26.4285,32283.5,-0.0110544,0.00935331,26.3522,20233.6,27,25.8407,242.306,10413.9,6.90481,2.24309
651,1133,26.4156,35406,-0.0105906,0.0112062,26.2422,21499.1,27,25.8977,245.442,11031.9,7.23197,2.14059
651,1134,25.8772,35342.2,-0.0120977,-0.0107034,25.5046,22059.5,27,25.5614,245.625,11515.3,6.9468,2.50741
651,1135,26.9893,36895.5,-0.0136629,0.0150205,25.989,23324,28,26.1749,244.248,12064.2,6.4588,3.04627
651,1136,27.1308,32781.9,-0.0134901,0.00962853,26.2398,21808.3,28,26.0696,235.941,11579.8,6.62157,2.98423
651,1137,26.643,35006.8,-0.0128499,0.00545879,25.7774,22712.1,28,25.9292,245.088,12011.6,6.66789,2.74536
651,1138,26.5752,31985.9,-0.0140568,0.0177174,26.5368,20879.6,27,26.0604,237.43,10698.1,6.3954,3.13043
651,1139,26.324,33458.8,-0.0135867,0.0162313,26.1229,20989.9,27,26.0264,224.835,10750.4,6.50705,2.98474
651,1140,26.1792,30659.7,-0.012563,0.0279129,25.9196,19401.3,27,26.125,237.419,10030,6.77907,2.79445
651,1141,26.4288,31791.6,-0.0123817,0.00367725,26.02,20929.3,27,25.6406,240.305,10920,6.45586,2.58604
651,1142,26.4456,31845.6,-0.012997,0.0183019,25.8841,21215.2,27,26.1256,241.905,11329,6.31971,2.80773
651,1143,26.3935,31625.2,-0.0128296,0.0122391,25.6311,20621,27,26.147,243.61,11170.8,6.12282,2.85386
651,1144,26.0602,34460.2,-0.0127253,0.0465661,24.5894,21708.5,27,26.3318,247.739,11681.2,6.18808,2.94509
651,1145,26.4645,33887.4,-0.0122449,0.00488839,26.1294,21553,27,25.9728,245.608,11303.7,6.46066,2.57235
651,1146,26.4044,34612.5,-0.0136801,0.024491,25.3491,22661.9,28,25.7435,243.618,12118.4,6.47598,3.07827
651,1147,25.7979,36834.8,-0.012819,0.0399213,25.3578,23248.1,27,25.824,248.887,12125,6.53033,2.83128
651,1148,26.9038,31228.1,-0.0139343,0.0315253,25.6941,21221.2,28,25.6106,236.896,11226.7,5.97824,3.14278
651,1149,26.1236,32410.4,-0.0136004,0.0182364,25.3475,21453.9,28,25.2711,243.03,11316.6,6.11946,3.0289
651,1150,26.0958,36478.2,-0.0134201,0.020341,25.0868,23153.6,27,25.1499,255.439,12181.7,6.17087,2.97943
651,1151,25.3624,34600.3,-0.0133641,0.00394356,25.4902,22431.1,27,24.7775,249.212,11523.3,6.13906,2.99184
651,1152,24.4806,34309.1,-0.0124804,0.00129328,24.9406,22483.4,25,24.8588,258.24,11829.3,6.08174,2.77867
651,1153,25.0783,34732,-0.0139726,0.00156085,25.6904,23248.8,25,25.3375,251.609,12410.9,6.08898,2.99656
651,1154,25.4893,36698.1,-0.0119986,0.0166494,24.4052,23864.7,26,25.4405,251.039,12913.8,6.41985,2.58703
651,1155,25.4989,38783.2,-0.0105694,0.0190076,24.9582,23610.2,26,25.609,246.952,12299.5,6.78223,2.20585
651,1156,26.3978,38483.6,-0.0126525,-0.00857748,25.8945,25144.5,27,25.7283,249.408,13415.1,6.42476,2.65539
651,1157,25.7413,40083.1,-0.0113062,-0.00273147,24.9549,25142,26,25.8822,255.963,13287.9,7.01192,2.32925
651,1158,25.1267,39734.3,-0.0109357,0.0369906,25.1337,24133.2,27,25.9828,252.989,12624.2,6.83524,2.42367
651,1159,26.275,37933.7,-0.0117623,0.0115216,25.8769,24295.7,27,25.9589,248.577,12770.2,6.89676,2.42896
651,1160,25.9526,39933.2,-0.0114966,0.0111364,25.5732,25056.2,27,25.9747,239.013,13111.3,6.95871,2.39556
651,1161,26.0084,38859.9,-0.0119792,0.0244191,25.5219,24247.6,28,26.2614,247.935,12724.3,6.80631,2.58901
651,1162,24.68,39452.6,-0.0127388,0.0225602,25.4245,24896.4,25,26.1338,238.819,13024.8,6.67951,2.80345
651,1163,25.1763,38657.4,-0.0127647,0.0172312,25.3461,24598.2,26,26.0226,248.063,12949.6,6.64989,2.79516
651,1164,26.2316,41192.7,-0.012761,0.0136788,25.5198,26035.1,27,26.0733,244.114,13687.3,6.64374,2.80885
651,1165,25.2464,42869,-0.0122936,0.0321425,25.7843,26960.2,24,26.5092,252.801,14161.8,6.77457,2.7348
651,1166,26.1513,42256.1,-0.0127464,0.0321161,26.0201,26813.9,28,26.6484,248.021,14085.2,6.71236,2.8391
651,1167,26.8807,41237,-0.0130837,0.00295216,26.2944,26333.2,28,26.5076,246.145,13764.1,6.79875,2.81079
651,1168,27.0658,41816.7,-0.0134191,0.00584417,26.1896,27015.4,28,26.6922,247.599,14311.2,6.78208,2.94513
651,1169,27.2702,41042.2,-0.0136428,0.00675675,26.1937,26629.5,28,26.7703,247.79,14200.6,6.53126,3.01715
651,1170,27.3145,41101.2,-0.0129672,0.00767914,26.4478,26419.4,28,26.7892,247.164,14130.3,6.04256,2.87607
651,1171,27.3167,38665.7,-0.0129577,9.53E-05,26.493,25362.9,28,26.5471,242.158,13601,6.38001,2.7523
651,1172,27.4495,39118.4,-0.0132671,-0.00653122,27.0762,26016.3,28,26.4117,243.26,13908.6,6.17148,2.8254
651,1173,27.3679,40258.8,-0.013943,-0.0198529,26.6634,27734,28,26.226,240.995,15080.9,5.94486,3.02071
651,1174,28.2828,39796.6,-0.0141299,-0.0130036,27.0621,27637,29,26.2865,238.911,15067.2,5.7181,3.07089
651,1175,27.4662,39004.8,-0.0140283,-0.0206409,27.355,26731.1,28,26.2213,247.166,14740.1,5.50635,3.02527
651,1176,27.0154,37317.8,-0.013438,-0.0072061,25.1341,25391.2,28,26.4132,242.888,13993.8,5.65273,2.87707
651,1177,27.3156,37544.6,-0.0140794,-0.0200114,26.2023,25886.7,28,26.1519,248.328,14351.5,5.3686,3.04689
651,1178,27.2912,37170,-0.0141958,-0.0213475,26.3114,25719,28,26.2404,245.592,14311.5,5.1736,3.12458
651,1179,27.33,39409.4,-0.014479,0.0106494,26.3168,27384.5,28,26.542,250.159,15341.2,4.95051,3.34966
651,1180,27.3717,43205.8,-0.0142515,0.0185036,26.6726,29144.6,28,26.4665,251.591,15930.7,5.5105,3.2816
651,1181,28.5419,40755.1,-0.0142119,-0.00290955,27.2042,28577,30,26.4042,246.617,15117.6,5.70284,3.16865
651,1182,27.4796,40971.8,-0.0127193,-0.00867382,27.675,27413.9,28,26.0755,243.584,14152,5.90389,2.7441
651,1183,27.4575,40544.2,-0.0127456,-0.00476499,27.0282,27082.4,28,26.1428,244.387,13950,5.94673,2.76848
651,1184,28.3279,37993.9,-0.0145856,-0.00220089,27.2034,26266.3,29,26.1841,239.236,13784.9,5.63412,3.29522
651,1185,28.2905,38267,-0.0143242,0.00158142,26.9691,25480.4,30,26.3096,240.648,13214.1,5.88744,3.19371
651,1186,28.0536,37512.4,-0.0139061,-0.00590043,26.7211,25038.7,29,26.2045,242.295,13010.5,5.84643,3.13164
651,1187,27.747,37802.6,-0.0136462,-0.0116135,26.3824,24646.3,29,26.1232,239.405,12798.3,5.90037,3.02734
651,1188,27.5062,37897.9,-0.0141058,-0.00222671,26.4059,24200.8,29,26.2174,228.779,12539.7,5.9564,3.11223
651,1189,28.3593,36144.2,-0.0133936,-0.0216243,27.0646,24179.3,29,26.4346,232.225,12467.1,6.12978,2.82513
651,1190,28.0598,38210.9,-0.0139331,-0.0183802,25.9953,25401,29,26.5281,209.633,13139.6,6.06211,3.01676
651,1191,28.2694,38543.2,-0.0132603,-0.0223353,27.118,25045,29,26.4858,239.271,12888.1,6.19719,2.8271
651,1192,27.3421,40826.4,-0.013596,-0.00142512,26.9419,26462.5,28,26.5019,243.009,13799.1,5.65934,3.17576
651,1193,28.2889,40252.7,-0.0139703,0.0111421,26.9329,26789,29,26.6927,244.563,14206.8,5.74014,3.09144
651,1194,28.4513,38339.3,-0.014077,-0.00762234,27.8429,26715.9,29,26.9419,238.952,14118.5,5.60757,3.10039
651,1195,29.3222,38170.1,-0.0143551,-0.00378073,28.2199,26237.4,30,27.0347,238.787,13688.4,5.79303,3.18471
651,1196,28.2379,39630.6,-0.0128694,-0.0222974,26.0964,26069.1,29,26.5445,216.489,13377.2,6.27715,2.78384
651,1197,28.3863,42075.5,-0.0131233,-0.0217644,27.5358,27443.5,29,26.4573,241.86,14001.5,6.3483,2.77808
651,1198,29.4164,39947.7,-0.0139614,-0.0312232,28.624,27847.6,30,26.4128,241.676,14308.9,6.14636,3.13448
651,1199,28.6234,42661.1,-0.0134896,-0.0226088,26.8307,28615.8,30,26.6349,242.763,14746.1,6.22463,2.95028
651,1200,28.2821,47495.7,-0.0134536,-0.00647449,27.43,31125.8,29,26.9376,246.444,15988.9,6.26211,2.96099
651,1201,28.1934,47319.2,-0.0127575,-0.00114627,27.2822,30036.2,29,27.0636,246.57,15271.5,6.39556,2.81054
651,1202,29.3995,45525.1,-0.0134598,-0.00561919,28.6792,30479.4,30,27.167,243.709,15528.1,6.18416,2.96078
651,1203,28.4895,48425.1,-0.0130495,0.000599323,27.5911,31832.5,29,27.2554,244.147,16329.5,6.42618,2.83733
651,1204,28.3942,49601.2,-0.012954,-0.00286788,27.3246,32575.1,29,27.2535,247.395,16811.3,6.50081,2.80838
651,1205,28.2824,49323.8,-0.0127002,-0.0029433,27.3804,31656.2,29,27.0928,248.361,16231.3,6.62769,2.68464
651,1206,29.3473,47769,-0.013131,-0.0303722,28.3171,32652,30,27.1195,227.349,16921.8,6.6792,2.72615
651,1207,29.0309,47076,-0.012998,0.0147217,27.7847,31530.4,30,27.5406,241.863,16512.7,6.67941,2.7388
651,1208,28.3992,48744.4,-0.0131696,0.0147989,27.8446,32007.5,29,27.4946,247.679,16731.4,6.54456,2.83098
651,1209,27.809,51830.6,-0.0125743,0.0127559,26.8864,32521.8,29,27.3949,249.452,16666.2,6.60835,2.70175
651,1210,28.5762,49949.6,-0.0135961,-0.00931402,27.5173,32152.1,29,27.5184,240.716,16267.1,6.41623,2.95582
651,1211,28.547,46907.9,-0.0134284,-0.00424346,27.2698,30472.8,29,27.6181,228.351,15651,6.39066,2.81145
651,1212,28.425,51394.4,-0.0129416,-0.00372879,27.6327,32780.1,29,27.5932,246.97,16807.9,6.5034,2.67441
651,1213,28.3943,53154.4,-0.0133784,0.0190215,27.6053,34060.7,29,27.6413,250.686,17663.1,6.37604,2.90964
651,1214,29.2296,49232,-0.0140162,-0.00777213,26.7912,32750.1,30,27.8055,242.232,17029.9,6.38925,3.00892
651,1215,29.3491,49530.4,-0.0137909,-0.0100349,28.1918,32566.2,30,27.6672,240.974,16846.2,6.4045,2.89914
651,1216,28.7196,49421.6,-0.0141246,-0.000776995,27.3521,33036.8,30,27.8638,242.084,17407.8,6.41266,3.00506
651,1217,28.378,50270,-0.0139177,-0.00599105,27.3688,32989.9,29,27.7017,246.311,17377.7,6.42406,2.94765
651,1218,27.7546,48988.5,-0.0143546,-0.0143186,25.5236,32383.6,29,27.4968,248.76,17383.4,6.37653,3.03582
651,1219,29.4096,48283.7,-0.0150929,-0.018901,28.6281,32814.5,30,27.4856,234.693,17393.2,5.98013,3.26063
651,1220,29.3849,50441.9,-0.0150819,-0.0201577,28.4143,33586.6,30,27.5062,238.211,17696.4,6.11207,3.28158
651,1221,28.3859,50872.8,-0.0149574,-0.0254855,26.8972,33906.9,29,27.3589,247.088,17953.4,6.25796,3.17645
651,1222,28.4096,51525.9,-0.0148371,-0.0206257,27.3049,34391.9,29,27.46,248.446,18432.8,6.50491,3.14277
651,1223,28.3917,53308,-0.013899,0.00741471,27.6293,34514.3,29,27.4151,249.168,18157.3,6.62809,3.01291
651,1224,29.4017,50691.1,-0.014698,-0.0131995,28.6313,34102.6,30,27.591,243.103,17830.3,6.33924,3.13849
651,1225,29.3953,54857.7,-0.0154429,-0.0172352,28.4109,37250.4,30,27.5474,244.034,19713.2,6.12419,3.3563
651,1226,29.2775,52863.4,-0.0149372,-0.00646002,27.926,35491.1,30,27.7543,243.653,18800,6.27174,3.21254
651,1227,29.1939,54560.9,-0.0142183,0.0189305,27.5403,35748.9,30,27.622,246.578,18745.9,6.40925,3.09573
651,1228,30.0094,51949.8,-0.0143763,-0.0276417,28.1284,35426.9,31,27.211,244.421,18374.7,6.28626,3.01769
651,1229,29.2411,51924.1,-0.0151499,-0.0210971,27.5677,35253.4,30,27.4156,242.15,18545.1,6.07741,3.2358
651,1230,29.2454,54023.6,-0.0150941,0.00400161,27.694,36030.8,30,27.3849,247.331,19008.3,6.01167,3.35158
651,1231,28.4063,53080.5,-0.0140328,0.00196081,27.7138,34634.6,29,27.1298,247.877,18148.6,6.2779,2.98037
651,1232,27.5322,53771.7,-0.0137699,-0.00714659,26.6906,34878.9,28,26.9888,251.544,18515.7,6.28435,2.90559
651,1233,28.3398,51855.3,-0.0136504,-0.00457727,27.2883,34659.4,29,27.1108,249.62,18320.5,6.09747,2.86741
651,1234,28.1508,51502.1,-0.0134279,-0.0116193,27.1435,34219.3,29,26.8132,254.152,18259.4,6.15176,2.73864
651,1235,27.4293,52534.5,-0.0131471,-0.011649,26.7007,34215.1,28,26.8792,256.589,18223.3,6.21037,2.68221
651,1236,27.3637,58270.4,-0.0129353,-0.0246773,26.8427,37292.1,28,26.604,261.53,19698,6.40995,2.55831
651,1237,27.2524,52316.6,-0.0127865,-0.0212857,26.4107,33269.5,28,26.7019,259.938,17702.7,6.27049,2.57614
651,1238,27.1178,56199.9,-0.0127094,0.000783153,26.0875,35665,28,26.7238,261.869,19113.1,6.10886,2.76005
651,1239,27.1305,56389.1,-0.0124895,0.00482984,25.9018,35386.3,28,26.8095,262.045,18883.9,6.17745,2.76002
651,1240,28.1309,53950.8,-0.0139083,-0.0285601,26.7449,35577.5,29,26.6162,255.684,18838.4,6.19758,2.87486
651,1241,28.369,50044.2,-0.0134567,-0.0193334,27.8649,32988.6,29,26.7102,251.94,17390,6.47407,2.69444
651,1242,27.108,53156.7,-0.0118071,0.0126855,26.3528,33018.4,28,26.7792,252.117,17182.1,6.74809,2.45296
651,1243,27.4663,48416.5,-0.0131251,0.0117271,26.3456,31001.7,29,26.7546,244.331,16453.1,6.19963,2.82475
651,1244,27.3494,47484.3,-0.0129051,0.0117552,26.6497,30007.5,28,26.74,247.714,15698.4,6.27622,2.77647
651,1245,27.9922,44795.1,-0.0139461,-0.0117007,26.6231,29209.6,29,26.7634,247.937,15548.2,6.21077,2.86722
651,1246,28.2612,45677.4,-0.0140985,-0.0123453,27.247,29761.7,29,26.7753,247.52,15663,6.16496,2.90686
651,1247,27.5986,45151.9,-0.0140076,-0.0199655,26.0059,30180.4,28,26.62,248.326,15888.7,6.19115,2.83777
651,1248,28.4493,40463.7,-0.0145909,-0.016485,28.0142,28291.8,29,26.7485,235.117,15127.6,5.98877,3.08949
651,1249,28.2999,39766.6,-0.014314,-0.0138618,26.0229,27660.7,29,26.8082,234.956,14694.1,5.9911,3.01509
651,1250,27.4362,42877.9,-0.0141268,0.0209098,25.7916,28150.7,28,26.9933,246.357,14842.5,6.0304,3.06318
651,1251,28.2706,43291.8,-0.0146777,-0.00497293,26.7509,28937.7,29,26.9477,245.278,15345.6,6.04635,3.10237
651,1252,28.1786,42513.9,-0.0137012,0.00659071,26.2011,28823.8,29,27.1204,227.209,15289,6.24775,2.85007
651,1253,28.6997,42395.1,-0.0133083,0.00684462,27.471,28432.2,30,27.1462,237.716,14912.1,6.22093,2.73863
651,1254,29.1498,40592.1,-0.0139454,-0.00258483,27.8367,27756.5,30,27.0091,239.547,14449.7,6.00879,2.94116
651,1255,27.4219,43852.7,-0.0132806,0.0166733,26.8226,28701.2,28,26.8418,247.264,15077.3,6.17397,2.78869
651,1256,28.3262,42828.7,-0.0140298,-0.0100001,27.3786,29367.5,29,26.8304,242.168,15669.8,6.17784,2.89849
651,1257,28.3225,39911.5,-0.0141681,-0.0110591,27.6752,27983,29,26.8941,233.912,15039.6,6.14028,2.97168
651,1258,29.1707,38361.4,-0.0140302,-0.0242498,27.4651,27203.4,30,26.6602,236.117,14501.2,5.9089,2.94683
651,1259,27.4501,41219.8,-0.0128298,0.00859605,26.1177,27721.3,28,26.7664,248.286,14818.5,6.31211,2.64529
651,1260,28.2113,40058.2,-0.0131549,0.00672301,26.5558,27906.9,29,26.6457,248.014,15037.4,6.31151,2.75402
651,1261,28.3873,38815.3,-0.0131262,0.00963779,27.8074,27059,29,26.5635,245.913,14400.5,6.41722,2.73206
651,1262,28.4383,37588.1,-0.0131163,-0.00495405,28.0592,26102.5,29,26.4527,242.923,13755.1,6.52506,2.71078
651,1263,26.6792,41018.4,-0.0128838,0.0222092,26.2533,26675.7,29,26.3787,249.676,14160,6.32784,2.73113
651,1264,27.2678,39180,-0.0130745,0.0156714,26.46,25766.7,28,26.0591,247.396,13543.4,6.40342,2.7228
651,1265,27.0336,37286.6,-0.0139029,0.0152254,26.0759,25244.5,28,26.1169,245.361,13486.6,6.33168,3.01079
651,1266,26.8962,36204.2,-0.0135329,0.0185338,26.151,24522,28,26.0917,245.607,13139.3,6.40794,2.90194
651,1267,26.6439,34525.3,-0.0131001,0.0201977,25.9015,23827.1,28,25.9429,242.895,12945.3,6.04331,2.76036
651,1268,25.2767,34735.3,-0.0122518,0.0427426,24.8781,22891.8,26,25.7649,250.21,12488.2,5.96897,2.74305
651,1269,25.3945,34779.7,-0.0123278,0.0447038,24.9588,23575.8,26,25.2675,253.385,12596.9,6.08682,2.83406
651,1270,24.5156,29659.4,-0.0105763,0.0210037,23.2671,21324.4,25,24.6341,254.704,11225.2,6.38685,2.49192
651,1271,24.4041,26165.4,-0.0110421,0.0278987,23.7475,19954.4,25,24.4023,257.22,11108.9,5.47047,2.83972
651,1272,24.8926,23801.9,-0.0119681,0.016042,23.6526,19309.7,26,24.3149,255.069,11137.4,4.6555,3.14533
651,1273,24.287,19643.3,-0.0107785,0.0192378,24.4224,18297.9,27,23.9732,257.377,10900.9,5.31432,2.98042
651,1274,22.2127,18342.3,-0.0100949,-0.00755145,22.9141,16560.1,22,23.7862,264.919,10339.4,4.52954,3.29975
651,1275,23.2684,16919.5,-0.00955312,-0.0563896,23.8043,16009.9,24,23.3483,265.566,10208.7,4.06796,3.46319
651,1276,22.9988,16906.1,-0.00816549,-0.0925503,23.9949,16629.7,23,22.5948,273.466,10223.7,4.2127,3.10822
651,1277,22.3809,14184.8,-0.00732083,-0.0922024,23.6101,14384.6,23,22.2997,273.314,9290.04,4.02701,3.32519
651,1278,21.6646,12941.7,-0.00756865,-0.0842216,23.0867,13610,22,22.602,249.836,9243.02,3.59134,3.93439
651,1279,21.5958,11188.6,-0.00637802,-0.076881,23.7097,12594.8,22,22.7129,256.839,8642.94,3.70861,4.06565
651,1280,20.7328,13651.3,-0.00637805,-0.0747047,22.1867,13018.5,21,22.645,260.425,8981.63,3.44401,4.10354
651,1281,21.4968,13582.9,-0.00733746,-0.114545,22.9435,13103.7,22,22.2587,266.486,9092.93,3.44803,4.08105
651,1282,21.5709,15271.1,-0.00690483,-0.0987295,22.6559,14238.4,22,22.3542,276.235,9392.06,3.25206,4.08701
651,1283,21.6477,15270.5,-0.00832356,-0.0604189,22.8282,14849,22,22.6109,274.286,9470.51,3.19394,4.32775
651,1284,21.8007,17722.5,-0.00858854,-0.00874614,23.1146,16823.3,22,23.3327,253.372,10627.5,3.26626,4.35679
651,1285,21.7772,19761.2,-0.0102785,0.00245724,23.1589,17628.3,22,23.8117,267.437,11166.9,3.35236,4.44031
651,1286,21.6977,22972.6,-0.0109499,0.0189597,23.5249,19036.2,22,23.7848,265.11,11502.4,4.16333,3.73885
651,1287,22.6559,24349,-0.0115035,0.0224031,24.2451,20250.8,23,23.933,257.715,12049.9,4.50156,3.46102
651,1288,22.6859,28180.9,-0.0121062,0.0501797,24.1548,21302.2,23,24.3689,264.855,12353.4,5.16458,3.16401
651,1289,23.5188,27025.2,-0.0110638,0.0612415,24.451,20293.8,24,24.8967,258.162,11675.5,5.47238,2.84398
651,1290,22.8308,28739.6,-0.0104774,0.0703905,24.2443,20836.5,23,25.0923,261.339,11785.7,5.85741,2.6368
651,1291,22.761,30437.9,-0.0115282,0.060207,24.0685,21335.6,23,24.9003,262.055,12090.9,5.71619,2.856
651,1292,21.8246,32308.2,-0.0116536,0.0648917,23.5636,21175.7,22,25.0851,260.821,11946.7,5.66099,2.87298
651,1293,23.0487,31281.3,-0.0124033,0.0320287,24.2868,20909.4,23,24.9774,256.183,11955.5,5.42358,2.88622
651,1294,23.595,31453.6,-0.0122327,0.048006,24.8039,20967.8,24,25.1352,256.913,11823.3,5.94567,2.8309
651,1295,22.9884,32769.1,-0.0130189,0.0472557,25.2734,21767.2,23,24.8844,253.529,11915.5,6.29323,3.00255
651,1296,23.7284,32551.2,-0.0122084,0.0595351,25.1054,21791.5,24,25.0911,252.896,11975.6,6.39509,2.72631
651,1297,24.2244,30907.1,-0.0130187,0.0784676,24.7208,21683.4,24,25.6379,254.02,12341.3,5.24875,3.16106
651,1298,25.7329,31660.2,-0.013726,0.0519643,24.9466,22096.1,27,25.6184,248.609,12542.8,5.06381,3.26791
651,1299,26.0912,33149.5,-0.0130725,0.0475602,25.0531,22790.6,27,25.5743,251.074,12743.7,5.42412,2.88189
651,1300,24.6638,33280.4,-0.0136231,0.0402666,25.426,23508.3,24,25.6765,250.724,13549.7,4.61022,3.07428
651,1301,23.1476,32742.5,-0.0122945,0.0573703,24.4049,22844.5,23,25.512,254.352,13281.8,4.38244,3.10068
651,1302,23.3252,32234.7,-0.0139692,0.0488903,24.185,22758,22,25.3394,251.1,13369.6,3.73718,3.73107
651,1303,23.3755,31244.2,-0.0137293,0.0361396,24.1864,21910.2,23,25.1969,248.844,12944.5,3.85229,3.52215
651,1304,23.8784,30098,-0.0145578,0.0200216,24.3801,21741.3,23,25.2578,253.11,12879.3,3.72061,3.899
651,1305,24.6347,26754.2,-0.0142195,0.0269481,24.944,20553.5,25,25.5291,243.927,12380.6,3.67661,3.83631
651,1306,23.3654,29846.1,-0.0138877,0.0472936,24.0157,21254.6,23,25.3902,244.398,12771.1,3.58228,3.92836
651,1307,24.2449,28180.2,-0.0141427,0.0259067,24.0777,20974.6,21,25.0319,250.833,12794.8,3.3617,3.9882
651,1308,24.2806,28267.7,-0.0145438,-0.00147538,24.5465,21887.6,25,24.3496,257.622,13274.1,3.4556,3.90302
651,1309,24.0797,25341.4,-0.0140554,0.00755496,25.0106,20974,22,24.3278,258.183,12699.6,4.10956,3.89855
651,1310,25.4727,22819.2,-0.0147494,-0.0219312,25.8164,20463.1,23,24.1256,250.736,12356.1,3.75747,4.11261
651,1311,26.2846,23292.2,-0.0150399,-0.00324165,26.2151,20844.3,23,24.596,247.216,12582.2,3.76556,4.32878
651,1312,24.7809,21334.8,-0.0145161,-0.0124606,26.8654,20235.5,24,24.4022,245.041,12151.5,3.68471,4.16206
651,1313,24.4164,23905.8,-0.0152222,-0.00408144,25.6526,20628.6,24,24.6372,246.42,12450.1,3.40276,4.49388
651,1314,23.9383,26075.7,-0.0158971,0.00919984,26.1588,21566.6,24,24.9548,243.494,13006.9,3.29119,4.71729
651,1315,23.7444,25607.9,-0.0168682,-0.00451552,26.5075,20945,23,25.1813,241.393,12491.1,3.85359,4.79791
651,1316,23.9007,22458.3,-0.0176386,0.0129859,27.2749,19347,24,25.8543,220.504,11220,3.3782,5.42777
651,1317,23.7048,23035.8,-0.0175837,0.0291163,26.0399,19708.5,24,26.3265,211.86,11413.8,3.42041,5.34228
651,1318,25.7912,23661.2,-0.018285,0.0434136,28.418,19416.2,24,27.4653,209.291,11358.3,3.4355,5.66481
651,1319,32.0022,22921.8,-0.0165588,0.0360878,29.2953,19322.5,25,27.304,214.648,11009.9,4.26845,5.07228
651,1320,28.801,25273.7,-0.0178537,0.00675858,30.3878,21063.5,26,27.7046,203.657,11799,4.38005,4.68718
651,1321,24.885,26523.3,-0.0182158,0.00503026,27.7603,21585.8,25,27.9166,212.482,11923.3,4.74099,4.85208
651,1322,31.6924,27714.2,-0.019255,0.0230782,29.2226,21702.2,33,28.5489,210.877,12162.5,4.46797,5.04495
651,1323,31.9546,25390.4,-0.0193558,0.0423838,28.9586,20762.6,24,29.0268,208.756,11958,3.80354,5.7009
651,1324,23.9091,27435.7,-0.0196119,0.0118965,26.9235,21662,24,28.5396,210.439,12510.3,3.90925,5.66004
651,1325,25.7951,24682.5,-0.0180539,-0.0143599,28.3423,20344.6,25,27.7598,215.742,11765.8,4.03278,5.25165
651,1326,28.9878,28174.7,-0.0180823,-0.0108005,28.3067,21246,24,27.6931,222.943,12149.7,4.33438,4.7724
651,1327,28.2777,26205.7,-0.0189179,-0.00940912,28.8184,20811.2,25,28.4134,211.287,11966.7,4.07411,4.92975
651,1328,30.1002,26354.8,-0.016631,0.00140566,28.4735,21304.6,32,28.5278,215.199,11691.5,5.53551,4.51437
651,1329,27.5232,24948.9,-0.0162168,-0.0232042,27.7089,21008.8,24,28.2954,218.155,11577.7,5.15938,4.86525
651,1330,30.097,27577,-0.0165253,0.0094352,27.6828,21129.9,24,28.4207,218.34,11524.8,5.27988,4.79187
651,1331,24.759,25111.1,-0.0139955,0.00915649,27.0567,21321.1,25,28.1126,217.15,11656.3,5.39265,4.36373
651,1332,26.4399,26203.1,-0.0127302,0.0233619,28.7948,21399.7,26,28.246,223.091,11521.3,6.0898,3.70165
651,1333,26.7815,22589.7,-0.0126518,0.024984,28.7127,20916.9,27,28.2039,215.71,11387.3,5.54456,3.83584
651,1334,27.8009,22685.3,-0.011996,0.0271327,28.406,21171.8,26,28.2336,209.168,11286.7,5.73974,3.7143
651,1335,28.065,23424.6,-0.0118144,0.00305792,27.9363,21122.3,31,27.831,227.687,11293.6,5.7738,3.43504
651,1336,27.3423,22243.7,-0.0106105,0.0043852,28.0866,21037.7,26,27.6564,230.167,11218.6,6.04124,3.17042
651,1337,27.1638,23602.4,-0.00942301,0.0298348,27.7965,21270.9,27,27.4393,229.345,11101.2,6.19368,2.77715
651,1338,29.0481,22679.4,-0.00977311,-0.0117942,28.6545,21575.2,30,27.3148,228.884,11346.1,6.11439,2.73984
651,1339,28.5725,23717.6,-0.0112795,-0.00399596,28.4367,21632.1,29,27.548,230.826,11653.3,5.72064,3.0895
651,1340,27.8305,24512.3,-0.0107154,0.0139271,27.8111,21823.4,29,27.2571,232.439,11744,6.15814,2.91798
651,1341,27.6126,26843.8,-0.0104828,-0.00967136,26.7026,21210,29,26.7771,239.452,11165,6.49883,2.47806
651,1342,27.352,28257.9,-0.0106169,0.000135265,27.0469,21648.6,28,27.0178,240.847,11460.8,6.52572,2.46601
651,1343,28.339,27328.3,-0.0110169,-0.0243721,26.5305,21255.5,29,27.1479,235.661,11178.9,6.5385,2.42456
651,1344,28.2852,26628.1,-0.00955702,0.0273863,27.8945,20405.3,30,27.5402,226.219,10628.2,6.67667,2.20718
651,1345,29.1908,31306.3,-0.0125024,0.020145,28.0932,21605.4,30,27.4093,231.844,11520.2,6.47565,2.6323
651,1346,27.2344,34478,-0.012209,0.032741,27.7137,22459.9,25,27.5487,233.588,11767.6,6.44415,2.5499
651,1347,27.4544,32449.7,-0.013345,0.00332828,28.6832,23825.1,26,27.5718,229.506,12515.1,6.03358,2.96633
651,1348,28.8707,38645.1,-0.0142348,0.0118214,28.6227,26478.2,31,27.7931,221.381,13863,5.95729,3.03843
651,1349,26.7292,38064.8,-0.0151372,0.0190595,28.3472,26499.1,27,27.8916,231.148,14068.2,5.76694,3.34002
651,1350,26.6941,38079.3,-0.0149041,0.0164776,28.3552,27017.4,27,27.8819,231.903,14187.7,5.69215,3.50941
651,1351,25.6188,37593.2,-0.0158019,0.0433289,27.0712,25892.9,26,28.0831,230.563,13911.2,5.47865,3.75435
651,1352,27.6408,36072.9,-0.0161268,0.0206215,29.5462,26461.5,27,28.183,224.361,14198.2,5.34607,3.77622
651,1353,27.3184,36487.5,-0.0168195,0.0113614,29.0409,26495.9,27,28.0363,214.183,14417.4,5.1539,3.97081
651,1354,26.9305,37881.2,-0.0168108,0.0126869,29.6523,27202.7,27,27.9561,230.153,14896.4,5.24827,3.97245
651,1355,27.7097,40483.9,-0.0168753,0.0149843,28.6208,28541.5,26,28.1013,229.77,15519.4,5.2794,4.09382
651,1356,30.6844,37221.7,-0.0175492,-0.00954542,29.3119,27950.6,32,28.2675,229.72,15391.4,5.07808,4.07878
651,1357,29.2929,38100.8,-0.016967,0.0197424,29.0768,27606.4,30,28.3176,210.899,15114,5.15364,3.99525
651,1358,27.6261,38166.1,-0.0161583,0.0200892,28.715,27042.8,27,28.4643,225.27,14782.5,5.29459,3.86498
651,1359,26.199,37534.3,-0.0157028,0.0317456,28.2552,26266.3,26,28.6024,228.808,14510.4,5.29347,3.86087
651,1360,32.4807,35013.9,-0.0174544,0.0142365,31.5546,25994,28,28.9923,218.254,14230.3,5.147,4.14629
651,1361,26.7426,35236.5,-0.0176469,0.00930395,28.926,25548,27,29.0505,216.048,14052.6,5.04653,4.21193
651,1362,27.5776,36565.1,-0.0172486,0.020887,29.4977,25932,27,29.3627,219.722,13877.3,5.31077,4.24458
651,1363,27.3782,37713.3,-0.0169762,0.0307791,29.4867,26845.6,27,29.5115,221.128,14489.8,5.44594,4.14862
651,1364,34.5949,32883.6,-0.0176837,0.0140939,31.9721,25868.8,36,29.819,213.375,14120.7,5.23096,4.31395
651,1365,31.8879,35538.6,-0.0178876,0.00598958,30.3158,27281,33,29.6761,215.656,14869.8,5.24621,4.33195
651,1366,29.9785,36521.5,-0.0168724,0.00976009,30.795,26750.2,28,30.0531,212.634,14307.6,5.62341,3.89456
651,1367,28.0918,36560,-0.0161233,0.0236737,30.4812,27334.1,28,30.3285,214.62,14766.3,5.78095,3.71468
651,1368,30.7464,35557.2,-0.0147277,0.0287894,30.2112,27047.3,27,30.4306,214.162,14481.1,6.14847,3.4562
651,1369,29.6843,35325.9,-0.0131727,0.0100843,30.6863,27034.9,28,30.5804,210.571,14334.1,6.61962,3.05576
651,1370,33.5529,33346.4,-0.0135831,0.0153603,32.0425,25859.2,35,30.7483,213.298,13906,6.47243,3.22766
651,1371,28.693,32866.6,-0.0134049,0.0137866,30.5596,25857.5,29,30.7149,216.208,13848.3,6.41209,3.28394
651,1372,28.714,34283.4,-0.0128558,0.0162055,30.4031,25762.8,29,30.7612,219.456,13644.1,6.54534,3.0608
651,1373,28.668,35092.3,-0.0130244,0.0394934,30.2095,25987.1,29,30.5917,220.575,13753.6,6.27009,3.24073
651,1374,27.7981,33752.5,-0.014471,0.0524287,30.0144,25345.6,28,31.0147,217.298,13731.9,5.8108,3.76121
651,1375,28.799,34417.8,-0.0141228,0.0428955,31.4684,25610.4,29,30.8017,218.642,13839.3,5.83676,3.60872
651,1376,30.6255,30780.4,-0.0142531,0.0387666,32.074,24262.9,28,30.7611,215.345,13394.5,5.53135,3.85184
651,1377,28.7064,29466.6,-0.0140199,0.0351195,30.5083,23493.7,29,30.4317,209.847,12901.5,5.70151,3.675
651,1378,28.9361,29872.7,-0.01496,0.0325705,31.729,24847.9,29,30.3384,210.566,13844.7,5.27424,4.01443
651,1379,29.633,29757.7,-0.0151938,-0.00741803,31.2324,25527.9,30,30.2269,218.28,14317.3,5.01616,3.92278
651,1380,27.8617,29599.4,-0.0176998,-0.0259256,30.6955,25322.5,28,30.0356,213.955,14361.3,4.54648,4.67004
651,1381,35.1714,25593.1,-0.0165882,-0.02113,32.7005,23921.6,28,30.0581,211.214,13713,4.10592,4.69407
651,1382,28.8974,23126.9,-0.0160646,-0.0216271,31.5265,22656.8,29,30.0357,207.315,12971.4,3.97707,4.64362
651,1383,29.7671,23437.3,-0.0159035,-0.0205801,32.2732,23876.2,30,29.9308,208.44,13821.1,3.65592,4.66052
651,1384,28.8913,26570.9,-0.015168,0.00691929,31.9325,24055,29,29.9536,214.273,14024.5,3.76964,4.54258
651,1385,27.8632,27420.1,-0.0163164,-0.00673207,30.5868,24423.2,28,29.8761,214.622,14504,3.4742,4.87366
651,1386,27.8081,28094,-0.0155518,-0.00762038,30.2708,25446.9,28,29.8237,212.87,14796.3,3.81737,4.50438
651,1387,29.0185,27785.7,-0.0164133,-0.0474351,31.541,25648.4,29,29.6237,217.3,14645.8,4.10158,4.5094
651,1388,29.5256,27252.9,-0.0163021,-0.0434181,31.5004,25626.6,29,29.7949,214.944,14645.7,4.03724,4.58426
651,1389,29.8066,23954.2,-0.0166909,-0.0134589,31.8993,23951,30,30.2673,207.345,14200,3.31706,5.06329
651,1390,28.6189,25581.9,-0.0148109,0.00763447,30.7463,23930.3,28,30.0198,217.4,14189.8,3.56147,4.50664
651,1391,29.064,21742,-0.0142878,0.01428,31.531,22048.3,29,30.2154,210.053,13364.8,3.41593,4.48955
651,1392,29.504,23766.6,-0.0155078,-0.0221982,31.4392,24757.6,28,29.4659,213.244,14757.5,3.26787,4.78133
651,1393,33.2818,23419,-0.0175929,-0.0395016,32.489,24872.5,34,29.382,201.888,14916.1,2.87744,5.69315
651,1394,32.8255,25457.3,-0.0163741,-0.000798968,31.5195,25176.4,27,29.6498,205.804,15628.2,2.82053,5.5501
651,1395,28.6642,22832.4,-0.0155057,0.00418494,31.365,24227.3,28,29.5076,208.855,15158.2,2.91521,5.18144
651,1396,29.1393,22881.4,-0.0156077,-0.0062486,31.507,25684.4,28,29.1173,207.109,16115.1,2.77793,5.35833
651,1397,28.8917,23186.4,-0.0159693,-0.0221948,31.7138,26301.8,27,28.9185,214.463,16624.7,2.7155,5.48376
651,1398,30.1432,21958.8,-0.0157801,-0.0182116,31.9321,25409.5,28,28.8889,209.173,15947.2,2.70607,5.45243
651,1399,28.7428,21944.8,-0.0148077,-0.00493505,31.8051,25715.1,28,28.4655,216.964,15733.4,3.00901,4.99201
651,1400,31.6046,23512.5,-0.0168046,-0.0330149,31.0345,25995.4,26,28.1041,202.056,16044.7,2.68673,5.70352
651,1401,31.2912,24675.6,-0.0164382,-0.0416459,30.6579,26216.6,26,27.9079,221.396,16148.6,2.86485,5.26752
651,1402,32.1217,23030,-0.016048,-0.0154048,30.6726,24566.2,26,28.4952,216.454,15652.5,3.13303,5.2305
651,1403,30.8532,25279.5,-0.0156683,-0.015115,31.0384,26024.9,26,28.4041,222.243,16374.6,3.20344,4.91063
651,1404,27.7397,24996.5,-0.0150921,-0.0133516,30.4509,25424.9,27,28.4212,224.67,15822.5,3.36681,4.69755
651,1405,36.2271,24561.7,-0.0150025,-0.00359181,34.2461,25333.4,37,28.5555,218.958,15626.3,3.10006,4.88423
651,1406,31.1842,24989.2,-0.0158443,0.00823094,30.764,25148.6,33,28.8719,217.086,15625.4,3.12008,5.26863
651,1407,29.4816,25010.9,-0.015894,-0.0065663,30.087,24574.2,26,28.6851,220.065,15331,2.92022,5.30193
651,1408,31.0342,26634.2,-0.0162868,0.0172114,30.471,25931.6,26,29.1178,213.658,16194.5,2.98336,5.506
651,1409,30.1692,28032.4,-0.0169351,0.000474099,30.2831,26559.4,26,29.0107,211.316,16649.7,2.76528,5.70776
651,1410,27.7546,27842.5,-0.0158724,0.00440238,30.199,26287.4,27,29.0034,217.093,16126.9,3.06603,5.14466
651,1411,26.9874,26493.8,-0.0154256,0.0125097,29.9265,25462.9,27,29.318,217.723,16003.9,2.833,5.34204
651,1412,26.6723,29122.6,-0.0155769,0.0107063,29.3719,27106.1,26,29.3005,213.873,17153.7,2.82995,5.4025
651,1413,31.7726,31118.4,-0.0168017,-0.00414423,30.5004,27571,26,29.0832,220.058,17399.9,2.70685,5.75797
651,1414,27.1445,31604.1,-0.0164222,-0.0110691,30.3831,27463.7,26,28.8924,225.084,16918.3,3.01249,5.35041
651,1415,26.3144,31689,-0.0163535,-0.00459652,29.1539,27305.8,26,29.0982,226.281,16946.2,2.89855,5.55303
651,1416,27.9886,28570.1,-0.0178064,-0.012225,30.8223,27035.3,27,29.4122,215.792,17086.9,2.73906,5.70738
651,1417,32.3132,30877.3,-0.0174257,-0.038599,32.1931,28699.2,27,28.7363,224.368,17680.3,2.94143,5.24188
651,1418,36.0685,31473.9,-0.0177689,-0.0202603,32.7839,28551.9,27,28.6127,213.226,17881.9,2.67378,5.72375
651,1419,26.8617,34007.7,-0.0177945,-0.00801269,30.0328,30166.2,27,28.9225,219.655,19176.5,2.69097,5.67693
651,1420,27.0884,35139.2,-0.0174759,-0.0122269,30.5063,31635.9,27,28.7018,224.649,19935.2,2.7177,5.55608
651,1421,26.7067,35274.6,-0.0174381,-0.0223492,29.2779,31826.2,27,28.4549,229.649,19821,2.825,5.40981
651,1422,29.3206,35243.3,-0.0179192,-0.00533477,31.1166,31489.2,26,28.3716,224.09,19975.8,2.64287,5.88575
651,1423,26.4163,34871.5,-0.017073,-0.0312534,29.7021,31793,26,27.9166,231.827,20139.1,2.65276,5.66459
651,1424,26.1489,34549.8,-0.0167982,-0.0352578,29.3022,31359.3,26,27.7214,236.028,20135.1,2.60143,5.60285
651,1425,30.7472,34219.3,-0.016171,-0.0292044,30.5998,30837.6,25,27.8745,239.257,20033.3,2.82207,5.41379
651,1426,25.4319,36627.9,-0.0170882,-0.0181786,28.1277,31113.8,24,27.8448,233.302,20598.6,2.56229,5.84455
651,1427,25.9328,34763.2,-0.0164198,-0.0205507,28.2577,30122.2,24,27.8367,235.324,19813.5,2.65706,5.69244
651,1428,25.8417,34580.5,-0.0147431,-0.0116683,28.7871,30483.9,26,27.8186,241.272,19668,3.2056,4.91637
651,1429,27.8119,28971.6,-0.0158816,-0.0242444,30.6815,29286,27,27.9337,226.202,18754.2,2.97403,5.11259
651,1430,26.8742,30430.5,-0.015793,-0.0389779,30.2544,29019.4,27,27.7315,236.329,18594.6,3.3469,4.7907
651,1431,26.2922,32130.9,-0.0158598,0.00864215,29.666,28965.2,26,28.3358,234.521,18880.9,3.18596,5.07332
651,1432,26.714,31835.1,-0.015022,0.0085867,29.3858,28654.4,26,28.3454,236.242,18490.8,3.65676,4.77579
651,1433,25.846,31909.3,-0.0144818,0.0156747,28.6407,27574.1,26,28.4791,235.16,17935.2,3.86343,4.69698
651,1434,25.4738,31763.7,-0.0145905,0.02045,28.5243,27244.5,25,28.6409,233.249,17873.3,3.63229,4.97448
651,1435,25.4482,33441.5,-0.0148624,-0.0114358,28.6871,27728.7,25,27.9399,233.515,17887,3.1574,4.8636
651,1436,23.8226,31493.2,-0.0156308,0.0111202,26.935,25794.8,24,27.9903,232.227,16991.7,2.78909,5.4666
651,1437,26.5035,28233.4,-0.0176083,-0.0464814,30.3901,26261.3,26,27.2514,222.767,17145.7,2.57988,5.6445
651,1438,26.2399,26331.9,-0.0170926,-0.0298239,29.8539,25585,26,27.3318,222.059,16856.8,2.627,5.76351
651,1439,26.6047,26727.2,-0.0179528,-0.0341896,28.4323,25593.4,27,27.1811,223.254,16920.5,2.61544,5.79509
651,1440,28.4113,26572.3,-0.0180611,-0.0240381,30.5119,25696.4,26,27.3827,220.976,17213.2,2.59659,6.14817
651,1441,27.6025,26960.1,-0.0179697,-0.0419701,29.7628,25581.4,26,27.1966,220.002,17145.7,2.49609,5.81379
651,1442,27.6939,26611.8,-0.0181331,-0.0368139,29.9071,25412.2,26,27.3878,220.273,17168.6,2.62021,5.94822
651,1443,26.7995,28716.8,-0.0174678,-0.0478158,29.7491,27307.3,26,26.5541,230.337,18092.4,2.47667,5.57958
651,1444,26.9426,26387.3,-0.0165445,-0.0350117,29.5413,24883.7,27,26.8333,224.984,16146.7,2.87483,4.92065
651,1445,26.2711,27064.2,-0.01583,-0.0359892,29.1055,24818,26,26.8122,231.92,16462.1,3.25678,4.65676
651,1446,25.934,26563.1,-0.0159993,-0.0336719,29.019,24109,26,27.0894,231.47,16258.3,4.14022,4.67592
651,1447,26.8944,25366.2,-0.0154465,-0.0449147,29.0683,23510.5,27,26.9386,226.617,15725.2,3.98727,4.55313
651,1448,27.2451,23337.6,-0.0151324,-0.0564876,29.1757,22262.1,27,26.6479,233.789,14884.5,4.47398,4.52224
651,1449,26.094,22916,-0.0161496,-0.0806304,29.6158,21634.4,26,26.5801,233.262,14695.5,4.08306,4.98411
651,1450,26.7429,23284.6,-0.0156666,-0.0814651,29.9423,22434.1,26,26.579,236.231,15017.9,4.75488,4.78783
651,1451,25.8507,23780.4,-0.0160518,-0.0894483,30.406,23107.1,25,26.2315,236.563,15481.7,4.00913,4.90434
651,1452,26.4037,23062.1,-0.0159375,-0.0854205,29.9273,22624.3,25,26.4776,232.586,15472.9,4.19283,5.01566
651,1453,26.7564,23000.8,-0.0156902,-0.0661034,29.9838,22741.9,26,26.4754,221.73,15184.8,3.71575,4.75394
651,1454,26.6884,22330.3,-0.0154492,-0.0696948,29.5668,21761.1,26,26.6161,225.6,14693.4,3.64828,4.73957
651,1455,27.7226,18343.3,-0.0151072,-0.0646733,31.0155,20875,27,26.4358,227.326,13788,3.49313,4.74241
651,1456,26.9847,20692.8,-0.0161868,-0.0827341,29.9918,21429.7,26,26.4136,219.978,14328.8,3.34944,4.9915
651,1457,27.0658,20933.3,-0.0164216,-0.0937511,29.907,20945.4,26,26.2774,220.378,13937.6,3.28215,5.16597
651,1458,26.5807,22711.4,-0.0161783,-0.0606549,29.3778,21484.2,26,26.5888,223.8,14038.7,3.20351,4.85987
651,1459,25.7544,24118.7,-0.015965,-0.0497137,28.4266,21550.1,26,26.7188,225.211,14260.4,3.46164,4.76901
651,1460,26.7596,22371,-0.0161953,-0.0676586,30.2137,22060.3,27,26.7085,228.762,14626,4.06662,4.62008
651,1461,26.5241,25543.2,-0.016929,-0.0416287,29.635,22822.4,26,26.8502,227.861,15232.3,4.17684,4.78402
651,1462,26.2222,28072.9,-0.0178062,-0.0758966,29.5758,24013.4,25,26.3927,228.601,15826.9,2.85402,5.2167
651,1463,32.2782,24771.3,-0.018692,-0.109814,31.5638,23709.6,25,26.4751,228.307,15639.2,2.71567,5.57769
651,1464,29.9071,25267.5,-0.0171677,-0.0452971,31.9629,24483.3,26,27.1023,224.87,15727.8,3.75407,5.05335
651,1465,33.9161,27468.4,-0.0163643,-0.0305705,33.1984,25397.1,27,27.2964,234.322,16403.7,4.40378,4.68437
651,1466,26.7466,31238.6,-0.0173112,-0.0145757,29.723,27344.1,27,27.6264,231.57,17738,4.10386,5.02561
651,1467,27.3949,31139.8,-0.0193807,-0.0672415,31.5991,28907.1,27,27.2499,231.136,18336.1,3.33618,5.3499
651,1468,26.9897,30062.6,-0.0185719,-0.0504516,31.2694,28495.2,27,27.6313,228.401,18125.8,2.90678,5.60038
651,1469,26.9435,32149.7,-0.0184614,-0.0141183,30.1763,28330.4,27,28.2303,222.158,18267.4,2.92859,5.55816
651,1470,26.8298,34257.4,-0.0183766,0.0127499,29.0198,28511,26,28.6618,208.612,18460.7,2.88938,5.65557
651,1471,28.8705,30851.7,-0.0187557,0.0122508,32.1577,28074.8,29,28.7832,215.63,17675.2,2.99033,5.32887
651,1472,27.8926,32445.5,-0.017563,0.0311718,31.3318,28761.8,28,28.4659,221.573,17602.5,3.10093,5.04339
651,1473,27.7844,34682.5,-0.0180075,0.0230674,30.7376,29306.3,28,28.5471,223.157,18064.9,3.04902,5.26847
651,1474,27.8099,37401.3,-0.0180831,0.0110939,31.3751,30837,28,28.3262,223.389,18876,3.17602,5.1857
651,1475,26.8123,38763.6,-0.0184395,0.0233457,30.2913,30868.5,27,28.5661,220.698,19051.6,3.15373,5.36689
651,1476,31.7486,38542,-0.0187876,0.0227751,31.8194,30635.5,26,28.623,224.755,19185.6,3.07154,5.73732
651,1477,38.2382,39418.5,-0.0179341,0.0305292,35.2099,31809.2,39,28.6721,225.442,19549.4,3.27726,5.43774
651,1478,26.9147,39197.4,-0.0188494,0.0164122,30.2873,31236.4,26,28.5332,227.772,19440.8,2.95004,5.89787
651,1479,37.6187,38733.4,-0.0177669,0.0232572,33.3099,31354.2,27,28.5345,230.468,19387.8,3.09665,5.53172
651,1480,25.8069,38512.2,-0.0177778,0.0042376,29.2375,31823.8,26,28.235,233.636,19891.9,2.86139,5.64638
651,1481,27.6119,38928.1,-0.0187537,0.00604682,29.7309,31351,25,28.3859,230.419,19826.1,2.74146,6.00508
651,1482,26.8004,37780.8,-0.0195406,-0.0153991,29.7616,30221.3,25,28.2936,229.606,19334.4,2.67882,6.14554
651,1483,25.8385,35765.1,-0.0188442,-0.00512576,29.1592,29083.7,26,28.5185,222.202,18424.6,2.87541,5.82309
651,1484,29.8665,33876.9,-0.017781,-0.0114648,31.5406,28894.6,26,28.3703,229.674,18559.4,3.03415,5.63369
651,1485,26.3367,32947,-0.0184026,-0.00981314,29.926,28179.2,26,28.2974,229.151,18428.2,3.18482,5.78459
651,1486,26.9691,32004.3,-0.0195544,-0.0440779,30.8399,27632.1,26,27.7778,228.188,17942.1,2.5549,6.19481
651,1487,34.6934,30208.3,-0.0195412,-0.0449877,31.9094,27649.1,26,27.7963,223.254,17792.7,2.41906,6.42399
651,1488,30.3192,29788.5,-0.019643,-0.0175979,31.3758,27813.6,26,28.2022,216.106,17814.5,2.50191,6.40731
651,1489,29.1431,26402.9,-0.0184539,0.00223075,32.5466,26625.7,27,28.2116,215.697,16654.6,2.70847,5.9615
651,1490,27.3709,29932,-0.0178008,0.0237645,30.6184,26904.4,27,28.4945,222.85,17105.4,3.07039,5.97512
651,1491,27.1939,27463.2,-0.0172649,0.00884235,31.0606,25713.5,27,28.2096,223.232,16439.8,3.00042,5.84984
651,1492,28.3518,26799,-0.0184906,-0.0260703,31.4961,25377.1,27,28.1201,222.309,16458.1,2.80093,6.31343
651,1493,30.264,27467.5,-0.0182566,-0.0102879,32.0689,26451.5,27,28.4371,224.58,17574.7,3.59313,6.17649
651,1494,31.7258,23908.7,-0.0169993,-0.00436106,32.3727,25035.3,27,28.6625,220.67,16803.7,3.83792,6.15483
651,1495,26.8951,27993.6,-0.0157016,-0.0100945,30.1137,25569.9,26,28.4161,229.916,17029.3,3.97927,5.48663
651,1496,27.2645,26009.1,-0.0163613,-0.0305496,30.6355,24900.8,27,27.9238,222.788,16255.6,3.46181,5.5439
651,1497,26.7287,26242.3,-0.0158298,-0.0408608,30.3068,25419.9,26,27.567,227.041,16597.2,3.0743,5.29037
651,1498,28.9011,26771.3,-0.0179161,-0.0628906,30.2022,25006.2,26,27.9133,224.224,16659.3,2.48658,5.99962
651,1499,28.1001,26245.9,-0.0179906,-0.0410055,30.4726,25139.6,27,28.2802,219.434,16759.6,2.48261,6.03018
651,1500,27.5042,23896.3,-0.0163396,-0.0147513,30.6596,24221.2,27,28.5881,221.004,16230.2,2.94008,5.4473
651,1501,26.5426,26468.2,-0.0142864,-0.00392311,29.4207,24639.2,26,28.4588,230.477,16401.9,3.25086,4.99306
651,1502,25.8103,27858,-0.0146297,-0.0139827,28.3844,25081.4,26,28.3688,232.741,16635.9,3.47656,4.82891
651,1503,25.9892,28353.1,-0.0157511,-0.0329631,28.6908,24651.9,26,28.2519,230.706,16783.4,3.60017,5.09745
651,1504,26.1471,28146.9,-0.0165108,-0.0657818,29.1128,24519.5,25,27.7829,228.947,16716.6,3.28952,5.37514
651,1505,26.0552,29670,-0.0172467,-0.0700791,28.507,25719.8,26,27.8512,223.597,17674.3,2.85296,5.84418
651,1506,26.1125,28990.1,-0.0167936,-0.0390623,29.1468,25803.8,26,28.1767,222.566,17729.6,3.20716,5.81282
651,1507,26.6472,29629.9,-0.0167337,-0.0368946,29.4503,26538.6,26,28.1344,224.737,18133.3,3.54795,5.75377
651,1508,26.6151,30908.5,-0.0169118,-0.0372965,29.7839,27162,26,28.2497,220.469,18508.1,3.86807,5.64458
651,1509,26.8083,30966.7,-0.017089,-0.0743284,29.9141,27460.4,27,27.6951,235.573,18607.9,3.49856,5.63982
651,1510,25.9018,29958.3,-0.016188,-0.0624685,29.4937,27033,26,27.6616,235.965,18195.8,4.17153,5.19978
651,1511,26.8304,29419.6,-0.016467,-0.0425942,29.9867,26648,26,28.1788,225.32,18312.8,4.55194,5.30976
651,1512,27.2091,28890.1,-0.016852,-0.0333515,30.2744,26113.1,26,28.367,230.223,17997.3,4.65778,5.23349
651,1513,27.4689,29565.6,-0.0169535,-0.0594898,29.8478,26856.7,26,28.0707,228.486,18614.7,4.84808,5.14668
651,1514,27.2424,28658.6,-0.0173385,-0.0935121,30.1794,26814.2,27,27.3533,234.263,18323.3,4.35905,5.15122
651,1515,27.8454,25706.1,-0.0161364,-0.0922241,30.5122,25251.1,27,27.2283,234.582,17346.5,4.94731,4.86805
651,1516,27.7275,25448.2,-0.0162499,-0.09616,31.0619,25391.2,27,27.2414,233.805,17787.8,5.03922,5.08708
651,1517,27.4322,25309.9,-0.0155798,-0.100869,31.1921,25583.6,27,26.9247,237.895,17873.8,5.19035,4.82966
651,1518,25.1165,32024.8,-0.0150174,-0.0609318,28.2562,27283.4,25,27.3663,242.129,19228.5,5.22056,4.78673
651,1519,24.8645,35570.2,-0.0162057,-0.0747427,27.8654,28726.4,24,27.1425,246.206,20339.7,4.60508,5.01046
651,1520,26.8406,28733.3,-0.0169649,-0.104184,29.7083,26513,26,27.0842,239.198,18886.3,5.24896,4.98544
651,1521,26.6057,30668.7,-0.0157595,-0.0622461,29.2317,27565.8,26,27.2403,229.152,19458.7,5.34602,4.70304
651,1522,26.5068,30415,-0.0161536,-0.058607,29.4698,27267.5,26,27.3032,219.639,19178.6,5.26957,4.82919
651,1523,26.0748,34781.5,-0.0167764,-0.0499108,29.0438,29452.1,26,27.2092,233.737,20391.9,4.95803,4.74837
651,1524,25.9027,36517.6,-0.0167053,-0.037497,29.0126,30217.2,26,27.4472,236.233,20763.4,5.11091,4.63401
651,1525,26.8351,36063,-0.0168555,-0.025445,29.72,30340,27,27.6274,240.879,20716.3,5.012,4.73547
651,1526,26.8516,37610.4,-0.0173588,-0.0121904,29.8302,31317.6,27,27.8212,243.215,21361.5,4.89603,4.96877
651,1527,27.7324,35341.3,-0.0179108,-0.00197593,30.6224,30567.4,26,28.0061,236.39,20952.3,4.76962,5.24713
651,1528,25.557,40718.9,-0.0170462,0.00302001,28.8652,31339.2,25,28.1805,228.406,21278.3,4.59875,5.50655
651,1529,25.672,40987.8,-0.0177753,-0.0103479,29.2997,32145.2,25,28.1509,234.819,21597.9,4.40741,5.66272
651,1530,25.8327,41059.7,-0.0180267,-0.00919825,29.3005,31967.9,25,28.0598,234.141,21315.1,4.50274,5.53754
651,1531,26.5707,41341.2,-0.0175076,1.68E-05,29.427,31776.9,25,28.0949,240.861,21094.2,4.69204,5.36814
651,1532,26.824,37949,-0.0161582,0.0127301,29.5065,30540.8,27,28.0508,242.925,19965,4.50375,5.145
651,1533,27.4644,35699.8,-0.0167016,0.00404036,30.337,29703,27,28.0439,241.869,19602.6,4.15275,5.46464
651,1534,27.793,33410.7,-0.0167841,-0.00834019,30.9217,29447.3,27,27.9056,241.153,19407.3,4.81032,5.1499
651,1535,27.6222,33883.5,-0.0170765,0.00282082,31.0345,30211.5,27,27.9758,240.999,20022.1,4.03988,5.56126
651,1536,28.0518,32059.9,-0.0167877,-0.00787277,31.6146,29947.1,27,28.1373,233.076,19682.7,3.52794,5.78088
651,1537,30.3963,32094,-0.0183206,-0.0315569,32.9067,29784,27,27.9012,234.251,19812,3.91896,5.84011
651,1538,29.2731,31961,-0.01802,-0.0129287,32.1279,30383.5,27,27.9386,228.471,19813.4,3.59565,5.81461
651,1539,31.5105,29547.4,-0.0186019,-0.00202261,33.6404,29303.2,28,28.0729,225.272,19353.2,3.20389,6.42275
651,1540,31.4118,29097.1,-0.0179932,0.0036296,34.0713,29378,29,27.773,229.918,19093.7,3.10171,6.24173
