ID,Line,CMP,Freq,AmpKurt,AmpSlp,CIP,CndWtFreq,CompAbs,DomPowS,IDomFreq,InfoEntr,MaxPkAmp,RelQ,RespBand,SValue
1,652,1270,24.767,30368.2,-0.0126963,0.0170538,22.929,21596.8,26,24.7203,245.797,11597.4,5.87864,3.06737,12
2,652,1271,24.0362,26492.6,-0.0124579,0.0254689,22.4014,20061.2,19,24.5119,253.03,11382.8,4.86982,3.20961,12
3,652,1272,24.3744,25908.2,-0.0117461,0.0285918,22.9213,20161.1,26,24.581,255.858,11579.1,4.74019,3.05073,12
4,653,1270,25.2692,31433.2,-0.012338,0.0224855,24.3109,22041.3,26,24.7657,243.584,11720.1,6.042,2.97224,12
5,653,1271,26.0627,26846,-0.014076,0.00214963,24.0944,20630.6,27,24.538,248.529,11653.4,4.63427,3.47079,12
6,653,1272,24.8335,26227.3,-0.012035,0.0313614,23.4798,20241,26,24.6518,255.476,11726.5,4.37576,3.17598,12
7,654,1270,25.1378,31681.2,-0.0122655,0.0494262,24.8017,22170.5,26,25.2571,248.986,11739.5,6.06917,3.02209,12
8,654,1271,26.2624,26199.6,-0.0138505,0.0265276,24.7585,20304.1,27,25.0091,244.495,11446.6,4.73585,3.54869,12
9,654,1272,25.2057,26693.6,-0.0118476,0.056388,23.9885,20268.2,26,24.9487,250.355,11350.7,5.07261,3.18761,12
10,663,1232,28.0867,49955.3,-0.0144818,-0.00476891,26.0443,33629.5,29,27.016,235.092,18048.7,5.99097,3.11692,20.375
11,663,1233,28.4073,51415.3,-0.0142608,-0.0112714,27.7573,34105.4,29,26.8322,250.118,18222.8,6.05091,3.01726,20.375
12,663,1234,28.4389,49789.5,-0.0142521,-0.0174061,28.0778,33428.8,29,26.6927,252.663,17931.8,6.07517,2.96507,20.375
13,664,1232,28.1822,51940.9,-0.0139067,-0.0115205,26.8324,34366.8,29,26.8467,250.199,18279.8,6.16707,2.91388,20.375
14,664,1233,28.1826,52191,-0.0141739,-0.0214915,26.2922,34443.7,29,26.6241,253.081,18256.9,6.14467,2.93831,20.375
15,664,1234,28.2323,51014.8,-0.0143093,-0.024961,26.4582,33628.6,29,26.5148,254.578,17806.8,6.10509,2.93744,20.375
16,665,1232,28.0552,54142.3,-0.0132735,-0.0113777,26.9818,35139.9,29,26.7548,253.617,18458.1,6.40213,2.69825,20.375
17,665,1233,28.2016,53550.7,-0.0142515,-0.0192727,26.7148,35137.5,29,26.6384,253.288,18579.3,6.16069,2.95583,20.375
18,665,1234,27.4468,54613.7,-0.0140332,0.00459733,26.3835,35405.5,23,26.5869,254.359,18685.7,6.00492,3.06378,20.375
19,676,1323,26.6938,32434.7,-0.0150874,0.015977,28.2432,22976.4,27,28.2894,221.021,12186.6,5.67712,3.76553,16.625
20,676,1324,27.5128,30573,-0.0173649,-0.0237815,29.6288,23774.3,27,27.9327,215.265,12814.4,5.44518,4.25565,16.625
21,676,1325,26.757,31523.7,-0.0172345,-0.020999,29.034,23796.3,27,28.0618,222.334,13102.2,5.33283,4.14813,16.625
22,677,1323,26.6422,31385.2,-0.014902,0.0228059,28.1969,23156.3,27,28.4622,220.226,12382.1,5.57866,3.92577,16.625
23,677,1324,27.7463,30315.3,-0.0160965,-0.00713471,29.8524,24463.5,28,28.3158,213.819,13178.8,5.54676,4.13627,16.625
24,677,1325,26.6524,33652.2,-0.0164892,-0.0165106,28.3292,24692.2,27,28.3018,222.397,13407.3,5.46825,3.92828,16.625
25,678,1323,27.9063,30970.2,-0.0143266,0.0108992,30.8697,23514,27,28.8551,214.755,12584.6,5.85043,3.74758,16.625
26,678,1324,27.6801,28507.5,-0.0157093,0.012751,29.5453,23384.9,28,28.8685,213.238,12684.5,5.53539,4.20383,16.625
27,678,1325,26.9277,32068.9,-0.0154441,-0.00224582,29.3552,24247.1,27,28.5855,200.199,13024.4,5.62774,3.86489,16.625
28,699,1204,29.7136,51308.8,-0.0147702,-0.00160958,28.3415,34478.9,31,28.0227,242.466,18131.5,5.93674,3.2764,17
29,699,1205,29.644,51040.2,-0.0147556,-0.014605,28.1343,33867.4,31,27.7065,243.644,17609.1,6.03392,3.27912,17
30,699,1206,29.8356,49700.4,-0.0157304,-0.00932278,28.0263,34003.2,31,27.7914,242.037,17957.9,5.82542,3.46275,17
31,700,1204,29.3227,49231.8,-0.0150434,-0.0112449,27.7015,33241.4,30,27.8206,242.209,17665.1,5.73815,3.35269,17
32,700,1205,29.5306,47257.1,-0.0151491,-0.0112452,27.9626,32170.9,31,27.7465,240.887,17093.2,5.82089,3.29295,17
33,700,1206,30.0529,47773.2,-0.0157908,-0.0102941,28.1855,33550,31,27.7366,241.084,18109.2,5.5878,3.49518,17
34,701,1204,29.3811,46409.8,-0.0150594,-0.0119552,28.3541,30998.7,30,27.8113,239.754,16556.1,5.64084,3.38518,17
35,701,1205,29.2611,46059.1,-0.0153974,-0.0124229,27.2224,31538,30,27.7513,239.243,16927.8,5.63138,3.38692,17
36,701,1206,29.6311,45221.7,-0.0155641,-0.014993,27.8658,31365.9,31,27.611,236.798,16906.9,5.59484,3.4065,17
37,702,1284,28.7708,38959.9,-0.0167407,-0.00576818,28.9136,28030.1,25,27.1372,235.32,15864.4,4.59526,3.95286,21.25
38,702,1285,25.5693,40210,-0.0162726,-0.0148917,26.6824,28826.6,26,26.9164,240.92,16188,4.7802,3.72303,21.25
39,702,1286,25.9524,39293,-0.0162077,-0.0292246,28.1055,28764.8,26,26.5963,240.172,15974.7,4.94049,3.63455,21.25
40,703,1284,33.2053,39645.5,-0.0161702,-0.0124135,30.7275,27756,34,27.0891,240.652,15589.4,4.86815,3.78042,21.25
41,703,1285,25.678,40714.3,-0.0155514,-0.0180673,27.6496,28422.3,25,26.956,244.631,15940.6,4.97151,3.51791,21.25
42,703,1286,24.6002,40422.4,-0.0162499,-0.0246194,25.859,29114.5,25,26.7448,245.302,16475.8,4.62109,3.68086,21.25
43,704,1284,25.6394,38634.3,-0.0164382,-0.0138462,27.1442,28184.6,26,27.0817,230.344,15809.3,4.71441,3.80475,21.25
44,704,1285,29.6626,41816.2,-0.0152712,0.00973774,28.5075,28424.6,25,27.0903,238.273,16042.1,4.71909,3.73958,21.25
45,704,1286,24.5811,41839.2,-0.0153801,-0.0122188,25.7335,29232.5,25,27.1348,247.072,16559.2,4.75632,3.53763,21.25
46,709,1323,27.3828,19420.6,-0.015483,-0.03943,28.2051,17585.5,28,25.7795,219.431,10679,4.39421,4.78853,30.875
47,709,1324,26.902,17488.8,-0.0132753,-0.00409531,28.8022,17111.6,27,25.6218,224.969,9964.57,4.90963,4.21284,30.875
48,709,1325,28.4546,17026.7,-0.0141833,-0.0188038,29.9676,16839.1,28,25.3421,228.386,9717.21,4.58703,4.67099,30.875
49,710,1323,27.6852,16577.1,-0.0136275,-0.0230325,28.6082,16677.3,28,25.6144,211.129,10127.9,4.51081,4.42073,30.875
50,710,1324,27.7874,17413.5,-0.0133289,0.0057867,29.5729,17220.1,28,25.7697,229.563,10183.2,4.81263,4.19506,30.875
51,710,1325,27.503,16406.3,-0.013664,-0.00220424,29.9277,16733.7,27,25.5664,222.888,9759.57,4.60563,4.4652,30.875
52,711,1323,27.3331,16125,-0.0131566,-0.0315287,28.9817,16621.6,27,25.3924,219.562,9999.46,4.71167,4.22035,30.875
53,711,1324,27.7367,16127.5,-0.0127414,-0.00180197,29.1039,16806.7,28,25.7599,229.351,9965.26,4.95397,4.11132,30.875
54,711,1325,26.549,16596.5,-0.0125223,0.0585552,28.7474,16300.5,26,26.3493,229.677,9799.23,3.90848,4.886,30.875
55,727,1046,28.5307,40507.6,-0.0115651,-0.0274133,28.9438,25455,29,27.719,235.673,12564.6,6.69647,2.65152,6.375
56,727,1047,28.4763,37636.2,-0.00909108,-0.0111739,28.6949,23208.1,29,28.001,234.874,11100.1,6.83765,2.71175,6.375
57,727,1048,27.5347,38349.5,-0.00719281,0.0193163,28.0828,23430,28,27.9883,238.195,10959.1,6.4189,2.85601,6.375
58,728,1046,28.4867,38780.3,-0.0116284,-0.0256942,28.7703,24106.9,29,27.8959,233.934,11982.5,6.79129,2.58202,6.375
59,728,1047,27.7625,38018.1,-0.00913808,0.0156077,28.1369,23056.5,28,28.0252,230.788,11179.3,6.98489,2.63299,6.375
60,728,1048,28.5022,37112.7,-0.00816397,-0.00347764,28.9212,23035.9,29,28.1423,232.169,10915.1,6.88137,2.68286,6.375
61,729,1046,28.3998,38096.3,-0.0105827,-0.0208647,28.5598,23244.9,29,28.0712,234.001,11452.2,6.92071,2.58952,6.375
62,729,1047,29.0461,38386.9,-0.00984289,-0.0117895,28.9436,23922.6,30,28.1194,230.329,11646.1,7.06748,2.53651,6.375
63,729,1048,28.4914,37635.4,-0.0077656,0.00173823,28.9749,23064.8,29,28.2947,233.713,11021.1,7.30318,2.47704,6.375
64,734,1316,28.3014,30177.1,-0.0150544,-0.0498356,26.8237,20362.9,29,26.6326,228.266,10991,5.42185,3.25395,28.25
65,734,1317,28.4173,28382.7,-0.0142145,-0.0202086,26.9089,19955.5,29,27.2758,229.13,10794.9,5.55637,3.20558,28.25
66,734,1318,28.3682,29880.8,-0.0140875,-0.0345,27.3506,20585.9,29,26.9537,230.355,11143.6,5.44548,3.06294,28.25
67,735,1316,28.5795,29659.4,-0.0150196,-0.0398217,26.9882,20545.3,30,26.881,221.771,11236.1,5.33431,3.34077,28.25
68,735,1317,28.8676,26747,-0.0144065,-0.0142687,26.8337,19662.6,30,27.4122,228.675,10943.5,5.23659,3.35622,28.25
69,735,1318,28.6915,28330,-0.0127422,-0.0319273,27.6919,19677.6,30,26.9792,229.872,10587.2,5.8882,2.64056,28.25
70,736,1316,28.8062,26279.2,-0.0159186,-0.0497841,26.8461,18967.6,30,26.6149,228.744,10483.7,5.13555,3.73008,28.25
71,736,1317,29.0372,27446.7,-0.01518,-0.0364335,27.293,19935.4,30,26.8914,219.927,11041.2,5.18455,3.4576,28.25
72,736,1318,28.2521,27709.8,-0.0130097,-0.0458613,27.0264,19278.1,29,26.6387,228.18,10336.6,5.93186,2.66769,28.25
73,772,1325,26.975,27896.1,-0.0145795,-0.00156444,28.2735,20153,27,26.7673,225.663,11030.6,5.07337,3.23127,18.125
74,772,1326,26.6384,27884.8,-0.0155594,-0.00452014,27.7957,20226.7,27,26.8701,218.346,11144.4,4.75104,3.60701,18.125
75,772,1327,26.7773,28169.4,-0.0150604,-0.00595057,28.8484,19878.5,27,26.8978,228.154,10852.3,5.11333,3.41913,18.125
76,773,1325,27.4493,27580.7,-0.0154308,-0.0148877,28.0458,20011,28,26.5601,226.692,11048.5,4.78354,3.55141,18.125
77,773,1326,26.6396,27079.2,-0.0157942,-0.0204457,28.031,20010.5,27,26.6869,225.385,10925.1,4.64768,3.93228,18.125
78,773,1327,26.5677,25068.8,-0.0151835,-0.0192698,27.5377,18813.8,27,26.7566,225.109,10299.9,4.82875,3.76898,18.125
79,774,1325,26.5713,27495.2,-0.0154666,-0.015727,28.1861,19989.6,27,26.5463,226.409,11012.9,4.72953,3.58428,18.125
80,774,1326,26.6405,25099,-0.0141989,-0.0276172,28.0769,19804.5,27,26.5015,227.109,10835.7,4.71961,3.67396,18.125
81,774,1327,26.5792,23167.8,-0.0152504,-0.0209071,27.4734,18266.7,27,26.8632,222.853,10174.9,4.57994,3.96001,18.125
82,793,1296,25.5395,33920.8,-0.0135449,0.000775115,25.4686,24334.2,23,25.8502,251.477,13835.7,4.86786,3.16544,14.5
83,793,1297,25.4403,34030.5,-0.0147575,-0.00609573,25.8263,24731.4,25,25.6641,249.531,14225.5,4.3618,3.49455,14.5
84,793,1298,25.4286,30641.1,-0.0144112,-0.0018538,25.8417,23715.3,24,25.6959,247.22,13770.2,4.0262,3.53847,14.5
85,794,1296,26.238,34223,-0.0130865,-0.00154863,25.5476,24356.6,27,25.7445,251.264,13759.4,5.16383,3.03315,14.5
86,794,1297,26.2283,33912.5,-0.0140585,-0.00499412,25.7271,24296.5,27,25.6428,250.108,13789.2,4.89444,3.26596,14.5
87,794,1298,25.8336,30973.6,-0.0132874,0.00123847,25.842,23764.6,27,25.6468,247.29,13711.8,4.42698,3.16982,14.5
88,795,1296,26.1631,32381.6,-0.0123067,0.014574,25.4667,23329.8,27,26.0753,251.315,13270.9,5.20841,2.86931,14.5
89,795,1297,26.1271,31922.7,-0.0133162,-0.000269887,25.77,23257.1,27,25.7243,249.633,13190,4.9931,3.05191,14.5
90,795,1298,26.1225,29573,-0.0119909,0.0119106,25.6912,22593.9,27,25.8038,248.92,12922.1,4.93938,2.77975,14.5
91,805,1224,29.3251,41401.2,-0.016329,-0.000186167,29.2857,27086,30,28.3399,221.652,13847.7,5.47168,4.19938,17.875
92,805,1225,29.7971,40458.3,-0.0166291,-0.0132932,29.1957,26498.1,31,28.0358,213.467,13539.2,5.29168,4.27456,17.875
93,805,1226,30.2977,38734.6,-0.0178954,0.00870109,29.7872,26358.8,31,28.6631,214.363,13705.9,4.99437,4.80183,17.875
94,806,1224,30.2759,40600.6,-0.0164148,-0.0315146,29.54,26514,31,28.4279,223.697,13467.7,5.47976,4.0713,17.875
95,806,1225,30.4031,40555.6,-0.0172381,-0.00970503,29.4408,27149,32,28.1861,221.265,13973.3,5.10139,4.50308,17.875
96,806,1226,30.9032,37741.4,-0.0186276,-0.0216545,29.9239,26028,33,28.8771,213.971,13656.9,4.80953,4.94031,17.875
97,807,1224,31.0773,40906.1,-0.0165881,-0.0417824,29.7436,26629,32,28.2486,222.776,13445.8,5.26964,4.18977,17.875
98,807,1225,31.068,39175.3,-0.0177108,-0.0407947,29.8564,26657.3,33,28.3134,214.747,13760.2,5.05569,4.49129,17.875
99,807,1226,30.2261,38203.6,-0.0178178,-0.014761,30.1762,26346.8,27,29.008,215.643,13752,4.91659,4.65112,17.875
100,836,1240,30.033,34550.3,-0.0144023,-0.0062958,27.8018,25076.2,31,25.8909,239.402,13904.7,4.83446,3.27526,23.875
101,836,1241,28.2077,36962.1,-0.0138538,-0.0247186,27.5568,26735,30,26.1045,247.74,14811.9,5.12375,3.01546,23.875
102,836,1242,25.0308,36060.7,-0.0133821,-0.00697341,26.8229,24356.8,24,26.0272,247.169,13417.1,5.13683,3.05461,23.875
103,837,1240,24.5814,38058,-0.0122581,0.0180688,25.6585,25329.8,25,25.7684,247.735,13836.9,5.45023,2.75556,23.875
104,837,1241,24.5516,39007.4,-0.0124006,0.00277728,25.4723,26263.2,25,26.0883,254.814,14555.2,5.52972,2.71733,23.875
105,837,1242,24.6667,36371.4,-0.0121314,-0.000478555,26.063,24419.1,25,26.0366,250.481,13376.3,5.65968,2.60082,23.875
106,838,1240,24.9525,37791.5,-0.0122259,0.0296171,26.2796,25071.9,25,25.9959,249.351,13675.9,5.52813,2.72811,23.875
107,838,1241,25.0019,37206.9,-0.0127801,0.00722587,27.0661,25203.5,25,26.2767,252.505,14182.6,5.33334,2.85971,23.875
108,838,1242,25.3093,36446.1,-0.0119794,0.00930619,26.7867,24376.3,25,26.3094,244.706,13406.2,5.66993,2.59512,23.875
109,859,1188,30.2148,41031.9,-0.0168366,-0.0252676,27.7949,29465.3,31,27.3512,232.535,15995.5,5.56781,3.87504,22.375
110,859,1189,26.7618,42750.1,-0.015064,-0.0113124,27.7503,30901.1,25,27.5629,227.238,16564.4,5.95206,3.41956,22.375
111,859,1190,27.4322,43332.7,-0.0151852,-0.0132554,28.2724,30667.9,26,27.4575,230.097,16230,5.93074,3.42302,22.375
112,860,1188,23.7647,40205.1,-0.017292,-0.013132,26.0331,29596.5,24,27.5486,215.237,16293.1,5.28302,4.12956,22.375
113,860,1189,26.1788,40649,-0.0159271,-0.00271998,28.4444,30367.7,26,27.7155,232.528,16606.4,5.63683,3.76946,22.375
114,860,1190,25.8985,39594.8,-0.0148944,0.00669547,28.0085,29793.5,26,27.8114,232.609,16023.3,5.86469,3.57778,22.375
115,861,1188,32.227,38853.8,-0.0184345,-0.0139284,29.8989,28725.8,33,27.572,224.898,15980.5,4.85047,4.53159,22.375
116,861,1189,31.3193,40304.2,-0.0174456,-0.00283309,29.4282,29943.2,26,27.75,230.688,16567.5,5.15374,4.24156,22.375
117,861,1190,26.4515,39932.1,-0.0167735,0.013093,28.1959,29995.9,25,28.0178,230.763,16459.5,5.33306,4.17345,22.375
118,893,1493,43.4021,18399.2,-0.0122127,0.156713,35.7265,19341.1,46,43.9356,258.487,12027.3,1.68469,22.301,24.375
119,893,1494,43.8745,16739.3,-0.0127962,0.170739,37.1958,19348.1,47,38.7464,252.48,11840.4,1.66423,18.8682,24.375
120,893,1495,41.8201,17825,-0.0120706,0.187458,37.2767,19618.5,26,31.9786,248.396,11612,2.02428,13.0491,24.375
121,894,1493,45.3112,16871.8,-0.0119795,0.105344,37.2463,18552.6,47,54.4162,253.302,11677.5,1.89586,21.4347,24.375
122,894,1494,44.0263,15812.6,-0.0126821,0.164173,37.8434,19025.5,26,39.4594,249.286,11555.5,1.71504,19.1087,24.375
123,894,1495,42.1143,16952.4,-0.0125192,0.217165,36.1975,19074.5,25,33.3644,236.339,11486.8,1.83941,14.2167,24.375
124,895,1493,45.4119,17572.6,-0.0116549,0.103971,37.2481,19643.8,47,42.9578,250.153,12143.1,1.7706,20.9578,24.375
125,895,1494,43.951,16380.3,-0.0136305,0.0804002,38.5845,19502.9,26,44.0159,251.012,11816.4,1.80228,21.8489,24.375
126,895,1495,40.0374,17510.4,-0.0129785,0.162141,36.1025,19552.1,25,36.6193,244.547,11820.5,1.87404,16.4905,24.375
127,916,814,30.3485,18862.6,-0.0238955,0.109108,29.1338,15574.4,23,30.71,194.1,9873.73,1.86872,12.7273,11
128,916,815,29.7597,16689.9,-0.0223886,0.102436,28.9596,14946.8,24,30.5979,198.479,9660.36,1.65895,13.0975,11
129,916,816,36.5347,16056.3,-0.0239324,0.00692698,31.9007,15626.3,42,49.7149,200.016,10052.4,1.96349,18.6763,11
130,917,814,29.1653,16854,-0.0212566,0.138039,29.5031,14815.9,27,29.4835,205.569,9343.44,1.86752,11.3997,11
131,917,815,30.5115,14936.9,-0.0214134,0.0196753,29.8532,14530.1,25,30.0979,199.192,9122.42,1.80885,13.275,11
132,917,816,33.8084,15559.3,-0.0228425,0.0319499,31.3382,15488.5,42,39.2684,204.265,9795.59,1.73775,21.0663,11
133,918,814,28.0725,15847,-0.0197161,0.0781591,29.1004,14160.9,25,28.2496,204.051,8741.15,2.06171,10.6008,11
134,918,815,30.6728,16246.6,-0.0200043,0.0550756,29.5308,15188.7,24,28.636,211.48,9419.67,1.89769,11.7125,11
135,918,816,31.6814,17022.2,-0.0206466,0.0564714,30.5986,16500.2,32,28.6647,207.666,10119.8,1.95203,12.0069,11
136,941,989,47.1974,18675.7,-0.0153023,-0.0730423,37.7876,19614.6,49,49.6065,262.062,13444.5,2.86768,11.7171,18.625
137,941,990,44.8741,20035.3,-0.0149869,-0.120675,35.1861,19297.2,48,51.4686,260.853,13287.1,2.30372,16.3228,18.625
138,941,991,46.1388,21424.9,-0.0135887,-0.121113,34.7747,20509.6,48,52.0133,267.02,14330.5,2.05875,17.3729,18.625
139,942,989,46.8481,18084.7,-0.0152671,-0.0651623,38.3687,19745.3,50,49.1698,262.537,13597.1,2.98604,10.9614,18.625
140,942,990,45.2377,20209,-0.0154015,-0.117485,36.4228,20212.9,48,50.35,263.688,13877.8,2.36309,14.9657,18.625
141,942,991,46.2389,19339.5,-0.0137387,-0.0908027,36.2093,19726,48,50.3296,265.931,13653.6,2.27858,14.2762,18.625
142,943,989,46.1932,18238,-0.0155188,-0.0692408,39.2121,20108.1,48,48.958,263.606,13764,2.63232,11.3406,18.625
143,943,990,45.6041,20027.9,-0.0156284,-0.105725,38.0261,20911.3,49,49.8135,265.094,14110.2,2.33174,14.1728,18.625
144,943,991,46.1751,19814.1,-0.0141795,-0.0873518,38.3095,20812.9,48,49.6291,269.226,14225.1,2.37088,13.2463,18.625
145,966,1211,35.0323,20199.3,0.013102,0.0905141,33.0224,15675.5,36,32.8488,254.666,6763,3.76539,6.77023,17.75
146,966,1212,35.3554,20424,0.0138731,0.0823622,33.424,15584.1,36,33.0437,255.34,6658.06,3.80094,6.84635,17.75
147,966,1213,35.4278,19554.3,0.0116311,0.0857124,32.7792,15567,36,32.8375,254.612,6532.83,3.61752,7.86807,17.75
148,967,1211,35.1499,21561.6,0.0128251,0.099826,33.0987,16839.6,36,32.6631,257.671,7111.53,3.81134,6.60736,17.75
149,967,1212,34.7311,23884.9,0.0129755,0.090611,32.7652,17206.2,35,32.4158,258.697,7165.41,3.65219,6.95211,17.75
150,967,1213,34.689,20291.8,0.00981418,0.0906936,32.1942,16420.4,35,32.1928,255.094,6745.89,3.42542,7.87683,17.75
151,968,1211,35.0131,24145.8,0.0129728,0.117794,32.5236,17928.8,36,32.2156,260.066,7741.55,3.83461,6.39494,17.75
152,968,1212,34.8788,24013.1,0.0120928,0.102477,32.4678,17950.3,36,32.3491,258.821,7603.07,3.57346,7.0445,17.75
153,968,1213,34.3289,24862.6,0.0109434,0.111498,32.1993,17604.5,35,31.9587,256.297,7073.48,3.29198,8.04681,17.75
154,993,995,42.8163,10906.1,-0.0122155,0.0151802,38.9605,13232.9,42,45.731,266.243,8575.88,3.97062,8.24686,12
155,993,996,42.8362,11264,-0.0122804,0.0291833,39.1214,14097,43,46.438,262.821,8914.41,3.17103,10.0027,12
156,993,997,43.8734,11279.7,-0.0132559,0.0417064,39.1564,13839.5,44,46.5685,263.387,9080.63,3.01834,10.0533,12
157,994,995,42.3727,11173,-0.012158,0.00445645,37.0262,12134.5,41,45.6654,257.642,8195.77,3.7919,8.93591,12
158,994,996,42.7347,10458.8,-0.01201,0.00697294,38.2204,12716.9,42,45.9867,262.591,8264.89,3.18673,9.95421,12
159,994,997,42.7453,11015.5,-0.0138812,-0.0261688,38.0983,13100.3,42,46.7425,255.547,8580.6,2.66069,13.1044,12
160,995,995,41.674,11726.7,-0.0118473,-0.00707566,35.6746,12165.5,43,46.3069,240.925,8115.09,3.0964,10.9077,12
161,995,996,42.4746,10997.1,-0.012395,-0.0104085,36.7164,12285.1,47,46.3416,257.706,8114.02,2.87651,11.399,12
162,995,997,40.4713,11609.2,-0.0140558,-0.00105394,35.5769,12962.5,49,48.8625,254.764,8807.66,2.44035,15.1443,12
163,1000,1328,41.0993,19906.5,-0.000456802,0.25303,28.6141,17748.6,42,27.8915,308.621,8039.18,3.2241,9.39053,9.375
164,1000,1329,32.6944,21268.6,0.000426036,0.239239,26.2348,18566,20,26.0506,308.38,8622.46,3.26687,7.78073,9.375
165,1000,1330,28.1257,21692,0.00108756,0.218183,26.0494,18365.5,20,24.9614,306.227,8320.11,3.08172,7.24407,9.375
166,1001,1328,41.2814,17977.5,-0.000273416,0.280726,31.5479,16664.5,42,28.658,306.218,7529.31,3.3731,9.59544,9.375
167,1001,1329,20.9827,19126,0.000774935,0.278171,25.457,17373.7,20,27.7522,308.233,7948.86,3.44044,8.74191,9.375
168,1001,1330,32.8674,21069.7,0.00129307,0.247929,26.6523,17559.2,20,25.8348,307.47,7815.03,3.26977,7.52012,9.375
169,1002,1328,20.5338,17763.5,-0.000618836,0.292993,24.6445,16237.6,20,28.878,305.631,7148.09,3.52981,9.45222,9.375
170,1002,1329,41.1096,18085,0.000849591,0.277993,29.5479,16158.1,42,28.2793,305.302,7218.73,3.45588,9.05344,9.375
171,1002,1330,19.9425,18839.6,6.97E-05,0.247524,24.0405,15793.5,20,26.3223,303.76,6707.89,3.41426,7.74672,9.375
172,1018,954,46.6817,15571.4,-0.0168386,-0.0293308,39.894,16849.7,48,48.4003,250.811,11408.6,4.69516,8.74123,19.375
173,1018,955,46.0945,15219.9,-0.016894,-0.03843,39.0899,16377.6,48,49.2068,246.31,11213,3.46243,11.5617,19.375
174,1018,956,41.7831,18525.8,-0.0170238,-0.113469,33.1002,15819,22,51.604,248.04,11448.4,3.04432,17.6426,19.375
175,1019,954,47.1404,15021.2,-0.0171171,-0.0405248,39.6161,15931.6,52,48.1671,250.48,11120.1,4.38869,8.82511,19.375
176,1019,955,45.7485,15908.6,-0.0178735,-0.0666951,38.3264,16048.7,46,48.72,248.333,11293.8,3.65956,11.3824,19.375
177,1019,956,44.7344,16857.5,-0.018306,-0.121991,36.6836,16001.9,54,50.5319,249.309,11666.2,3.00679,15.9516,19.375
178,1020,954,47.7689,15910.3,-0.0180261,-0.0623413,38.19,15361.4,51,48.7127,247.73,10875.6,3.68434,10.9612,19.375
179,1020,955,45.379,18081.7,-0.0191236,-0.120621,36.6632,16474.2,51,49.995,247.158,11830.1,2.78514,15.5123,19.375
180,1020,956,41.8331,19327.7,-0.0184177,-0.179928,34.6188,16745.8,20,52.5196,249.386,12334,2.49744,20.359,19.375
181,1029,1367,36.3718,21154.3,-0.0155206,0.0215649,31.6677,17129.1,20,44.981,275.041,11021,3.16184,10.5866,17
182,1029,1368,37.5932,18438.4,-0.0140484,0.00710673,32.1656,15777.5,44,44.0484,272.078,10330.7,3.48297,8.88211,17
183,1029,1369,38.6127,19340.8,-0.0126374,-0.0329986,31.1116,16150.8,19,44.5352,287.324,10894.8,2.97572,11.8457,17
184,1030,1367,38.848,19746.7,-0.0148715,-0.00497227,32.4127,16452.3,43,44.4397,278.957,10857,3.00143,11.1525,17
185,1030,1368,41.6012,17941.1,-0.0143485,-0.0206478,33.0513,15536.2,43,43.1598,286.257,10268.3,3.51091,9.05195,17
186,1030,1369,41.1192,18241.1,-0.0124369,-0.0552309,31.0484,15666.4,43,43.6014,297.849,10693.7,3.07435,11.2803,17
187,1031,1367,39.0339,22129.5,-0.0129035,-0.0266799,30.8403,16743.2,42,44.9273,289.319,11152.7,2.7091,13.781,17
188,1031,1368,35.3713,20206.7,-0.0129822,-0.0351838,29.9389,15814.4,41,43.4247,290.502,10472,3.04587,11.198,17
189,1031,1369,40.2938,18254.6,-0.0128559,-0.120973,32.3793,15304.3,19,45.1442,295.395,10676.2,2.73237,14.9876,17
190,1045,968,44.4365,13050.9,-0.0146208,0.0181856,36.4688,13753.5,50,47.7857,267.684,9841.46,3.40115,11.75,47.125
191,1045,969,45.1358,11754.5,-0.0138665,0.0224412,35.5907,12681.5,49,47.8069,265.465,9032.09,3.05626,12.2914,47.125
192,1045,970,44.5931,11944.4,-0.0134932,-0.0197507,35.0157,13243.9,49,48.9753,265.573,9472.11,2.62217,15.4686,47.125
193,1046,968,44.7677,12722.6,-0.0143536,0.0230792,36.4368,13800.4,50,47.8797,268.266,9866.95,3.11371,11.9031,47.125
194,1046,969,44.9443,11801.7,-0.0143922,0.039094,35.6091,12603,50,48.4791,270.396,9013.59,3.02735,11.9943,47.125
195,1046,970,44.0086,12248.1,-0.0146006,-0.0383918,34.2707,12859.3,49,51.4568,271.103,9340.13,2.49905,17.8685,47.125
196,1047,968,47.216,10459.5,-0.0135145,0.0683918,37.6192,12192.3,50,47.6694,272.874,8901.14,3.77157,9.01244,47.125
197,1047,969,48.2427,10701,-0.014175,0.0631787,37.971,12237,50,48.4063,269.671,8653.88,3.23067,10.366,47.125
198,1047,970,44.8679,11531.2,-0.0150688,0.0252368,35.4736,12506.3,50,50.2253,271.691,8896.92,2.62352,14.5967,47.125
199,1055,931,39.1884,17168.3,-0.0146413,0.0042373,33.5852,19403.6,41,42.0514,274.318,14002.7,3.43017,8.47278,25.75
200,1055,932,38.8106,17596.9,-0.0148708,0.0461338,34.1471,19825.9,41,42.8918,272.15,13975.1,2.14589,11.1532,25.75
201,1055,933,39.2783,17740.2,-0.0148352,-0.016575,33.7666,18951.8,41,41.9632,275.987,13597.6,4.10847,7.89647,25.75
202,1056,931,38.1533,19498.1,-0.0150046,0.00811837,32.4309,20733.3,41,42.7131,274.574,15187,3.2967,9.39868,25.75
203,1056,932,38.805,19896.5,-0.0148925,0.0475824,33.2928,20632.3,40,44.0239,272.395,14926,1.92292,13.457,25.75
204,1056,933,37.1217,20108.5,-0.0152844,-0.029917,31.4288,19562.4,39,42.8916,276.915,14302.5,2.83332,10.7434,25.75
205,1057,931,37.2146,21740.2,-0.0148517,-0.00519129,31.0313,22009.6,39,42.4043,282.263,15999.6,3.47166,9.15856,25.75
206,1057,932,36.3908,20229.7,-0.0142058,0.0381537,30.8941,20221.4,39,42.7068,275.973,14767.1,2.69811,10.7393,25.75
207,1057,933,34.6956,20453.6,-0.0140623,-0.00559943,29.8258,19550.8,38,43.1549,276.794,14412.4,2.35716,12.2172,25.75
208,1081,954,35.7248,15424.8,-0.0132457,0.0392676,30.6635,16912.5,43,44.6525,257.776,12218.6,4.31396,8.28799,32.125
209,1081,955,40.8576,12979.6,-0.0130532,0.0437557,34.1355,16703.4,44,45.4995,250.264,11819.1,3.3561,9.48179,32.125
210,1081,956,40.0262,13699.8,-0.0125095,0.0604353,33.7625,17049.2,45,46.6854,262.359,11854.4,2.41251,12.425,32.125
211,1082,954,35.6467,15901.7,-0.0139188,0.0505577,31.621,16790.6,44,43.8004,255.481,12208.7,2.95019,9.26905,32.125
212,1082,955,40.7754,13726.1,-0.0136926,0.0640219,34.1628,16669.3,46,44.7527,264.769,11962,3.9233,7.99159,32.125
213,1082,956,39.4308,14512.7,-0.01314,0.0581532,33.2807,16883.5,45,45.3346,267.708,11996.2,3.04228,9.65926,32.125
214,1083,954,34.3932,16629.4,-0.0153698,-0.000544986,31.4088,16655.6,33,45.5048,242.336,12188.7,2.15502,15.2275,32.125
215,1083,955,39.7676,13864,-0.0151485,0.0844745,34.4885,16257.3,46,47.9998,237.669,11806.3,2.435,12.2273,32.125
216,1083,956,39.2436,14809.3,-0.0147423,0.0667717,33.3799,16435.5,45,45.6375,259.615,11834.6,3.17697,8.85317,32.125
217,1084,1354,19.3125,12333.4,-0.00740604,-0.048646,21.0897,13823.5,19,24.6894,285.593,9323.22,2.98154,7.46626,8.75
218,1084,1355,20.5389,15246.4,-0.00786438,-0.0587279,22.0762,15757.4,18,25.158,288.261,10087.3,3.20719,7.68408,8.75
219,1084,1356,20.498,17070.3,-0.0089055,-0.0789256,21.6216,15920.7,19,25.2374,289.766,10448.5,2.91626,7.64713,8.75
220,1085,1354,19.7209,13244.6,-0.00674103,-0.0320114,21.3715,14037.2,19,24.3527,285.845,9131.2,3.28792,6.91789,8.75
221,1085,1355,19.7577,15614.7,-0.00748161,-0.031905,21.6665,15680.6,19,24.6747,290.232,9931.98,3.25925,7.16117,8.75
222,1085,1356,20.1358,17125.1,-0.00912654,-0.0603984,21.7115,15688.9,19,24.7157,285.163,10216.1,2.89613,7.29261,8.75
223,1086,1354,19.995,11534.7,-0.00611597,-0.0675837,23.1981,13118.5,20,25.092,275.839,8202.87,3.43388,7.63699,8.75
224,1086,1355,20.2664,12259.8,-0.0071066,-0.0644893,23.7929,13700.1,20,25.6075,283.142,8523.04,3.32616,8.13677,8.75
225,1086,1356,20.1935,13635.3,-0.00928886,-0.0643183,22.7762,14056.8,20,24.9275,278.242,8890.68,3.30393,7.45861,8.75
226,1107,976,37.6764,14072.5,-0.0130716,-0.00375835,32.7212,15729.2,37,46.6877,251.56,11374.5,3.59444,9.15039,27.875
227,1107,977,38.5529,13806.5,-0.0132805,-0.00958351,32.3574,15266.3,38,46.7288,251.592,11143.8,3.50364,9.73001,27.875
228,1107,978,40.8135,13044.5,-0.0132996,-0.0229197,33.3399,14808.1,44,45.6988,253.889,10656.6,3.78341,8.44524,27.875
229,1108,976,37.7989,15212.5,-0.0133348,-0.0210413,31.4997,16182.2,37,45.9725,253.638,11939.1,3.4568,9.65482,27.875
230,1108,977,37.819,14742.1,-0.0137143,-0.0388461,31.6526,15677.4,38,45.5623,254.019,11513.7,3.40012,9.57046,27.875
231,1108,978,39.2238,14089.1,-0.0142108,-0.07211,33.4209,15520.2,39,44.2148,256.987,11115.5,3.66223,8.33951,27.875
232,1109,976,37.1338,16756.4,-0.0136957,0.00954199,30.8273,16921.8,36,47.3845,254.934,12574.9,3.44663,9.96762,27.875
233,1109,977,37.2512,16616.2,-0.0143507,-0.0207642,31.1473,16861,37,46.4338,251.457,12439.4,3.43912,10.1592,27.875
234,1109,978,42.9873,13363,-0.015928,-0.0883447,36.5339,16358.8,43,44.8685,247.899,11778.9,3.59869,8.919,27.875
235,1122,921,34.1735,17039,-0.0126112,0.0297824,31.1759,19260.9,45,50.543,260.637,13235.2,2.29642,18.1874,33
236,1122,922,33.8905,18351.9,-0.0129183,-0.0214418,29.7964,19173.3,22,40.3454,255.723,13305.5,2.08318,18.6401,33
237,1122,923,31.4756,18803.4,-0.0129387,-0.00429074,28.8378,19272.2,44,40.5991,252.038,13694.8,2.11317,18.9695,33
238,1123,921,34.3714,17964.8,-0.0120217,0.00872492,29.7844,18716.6,45,48.9922,273.077,13044.8,2.67955,16.1269,33
239,1123,922,33.1629,17436,-0.0122119,0.0186627,29.64,17793.6,45,49.2468,267.209,12409.1,2.64802,16.1097,33
240,1123,923,30.0994,17700.3,-0.0124129,-0.0221029,28.6902,17720.9,45,41.8303,256.607,12364.2,2.26319,19.2289,33
241,1124,921,32.1918,18082.3,-0.0118093,-0.0459856,28.4825,17812.3,19,40.9491,270.828,12222.5,2.26289,18.5571,33
242,1124,922,30.6714,18020.8,-0.0122638,-0.0551648,28.1963,17181.9,20,39.0461,265.11,11764.4,2.35954,17.091,33
243,1124,923,33.0625,16625.3,-0.0132011,-0.0829862,29.6075,17565.9,21,33.9875,250.623,12165.4,2.35484,14.0813,33
244,1133,968,41.9446,10163.5,-0.0116314,-0.0366296,32.3788,12308.8,41,43.6829,260.407,9723.29,3.56135,9.78728,10.375
245,1133,969,45.7694,8112.08,-0.0112854,-0.0470857,36.4666,12094.1,46,43.1716,261.669,9337.42,3.64478,9.97968,10.375
246,1133,970,44.7583,9128.54,-0.011783,-0.0966767,33.1056,13140.7,45,43.3782,265.262,9938.09,3.12792,12.9687,10.375
247,1134,968,45.9523,8756.32,-0.0120138,-0.00642689,36.6952,12207.2,15,44.0636,254.479,9668.55,2.99262,10.3245,10.375
248,1134,969,44.7833,8463.07,-0.0115572,-0.00972711,35.1952,12590.9,44,44.2902,257.668,9692.47,2.51466,12.4989,10.375
249,1134,970,44.3173,9012.93,-0.0114623,-0.0441054,33.0683,13370.1,14,44.4448,264.551,10076.1,2.51358,14.1448,10.375
250,1135,968,45.1929,8702.51,-0.012899,-0.0494623,36.643,12430.7,44,42.9026,245.214,9746.04,2.52149,12.171,10.375
251,1135,969,45.5423,8545.28,-0.012097,-0.0199917,33.3932,12797.6,13,43.8692,251.352,9878.36,2.25229,14.3147,10.375
252,1135,970,44.8234,8780.28,-0.0113313,-0.0201906,32.1187,12982.2,14,43.5364,262.678,9879.67,2.63692,14.4587,10.375
253,1139,1138,43.7054,4281.19,-0.00311396,0.208283,32.801,8765.02,45,48.4971,285.324,4798.81,4.18977,14.7601,14.125
254,1139,1139,43.3231,4237.24,-0.00346434,0.206898,31.8553,9049.94,44,48.3628,274.293,5133.99,4.11372,14.5686,14.125
255,1139,1140,43.164,4104.85,-0.00325915,0.165997,34.3715,9349.28,44,46.4392,268.105,5320.88,4.24939,11.4657,14.125
256,1140,1138,43.3296,4625.64,-0.00246979,0.192791,33.9303,8773.38,44,47.5999,286.617,4750.33,4.21984,13.7526,14.125
257,1140,1139,43.3375,4386.37,-0.00349353,0.23649,32.6512,8921.74,44,49.4195,288.973,4962.34,4.29249,15.4383,14.125
258,1140,1140,43.2867,4223.35,-0.0036592,0.221844,32.8284,9047.35,44,48.636,288.469,4970.71,3.72898,15.0628,14.125
259,1141,1138,43.5871,4142.5,-0.00262387,0.189302,32.9319,8634.34,45,46.8959,286.532,4831.54,4.68268,11.4976,14.125
260,1141,1139,43.2906,4565.18,-0.0030304,0.232899,31.5899,8942.38,44,48.8847,288.079,5166.6,4.44569,14.7614,14.125
261,1141,1140,43.4086,4356.58,-0.00394328,0.203949,35.0994,9365.02,44,47.5493,287.859,5450.11,4.70076,12.6919,14.125
262,1148,996,42.025,12822,-0.0101135,0.00261742,25.9498,16594.8,17,33.4908,267.169,11904.5,2.1934,14.702,16.875
263,1148,997,42.7463,11516.7,-0.00962247,-0.0187999,27.3395,15880.9,18,33.5857,244.162,11434.2,2.36464,14.42,16.875
264,1148,998,43.6368,11006,-0.00950935,-0.0120819,27.377,15884.1,18,33.0085,252.046,11417.1,2.66092,13.8317,16.875
265,1149,996,34.7711,13374.7,-0.0101658,-0.0927662,25.3881,15778.3,19,31.8281,263.97,11767.2,2.71877,13.2734,16.875
266,1149,997,34.403,12270,-0.010006,-0.109198,25.8398,15433.6,18,31.5299,260.153,11470.6,2.59357,13.0185,16.875
267,1149,998,29.1194,12134,-0.0102929,-0.111642,25.7331,15874.3,19,28.6449,262.251,11682.5,2.58552,10.9933,16.875
268,1150,996,26.4044,14827.5,-0.0103677,-0.127994,25.0921,16353.2,20,30.7722,263.801,12347.2,2.765,12.5398,16.875
269,1150,997,26.5224,13570.6,-0.0103344,-0.130818,24.7994,15959.3,19,29.5981,261.3,11938.6,2.36081,11.9131,16.875
270,1150,998,25.9445,12580.1,-0.0104203,-0.159588,25.1738,15861,19,26.9792,257.519,11863.3,2.35533,10.047,16.875
271,1197,1395,20.5887,16511.6,-0.0118194,0.0397756,23.1622,14984.6,18,34.0385,303.511,9424.64,1.6322,18.3142,15.875
272,1197,1396,21.2122,17317.4,-0.0127857,0.148501,25.109,16280.1,19,28.2241,287.248,10064.9,1.69452,13.5596,15.875
273,1197,1397,23.9108,19912.1,-0.0132337,0.222439,24.3948,17049.8,18,29.1582,286.702,10776.8,1.76268,13.7731,15.875
274,1198,1395,22.746,14392.1,-0.0118097,0.131703,25.2797,15003.1,19,30.4121,289.939,9293.89,1.5958,15.6612,15.875
275,1198,1396,21.3405,16791.9,-0.0123021,0.205607,24.8657,15872.1,19,27.3114,288.472,9847.37,1.68484,12.3027,15.875
276,1198,1397,23.4674,18959.9,-0.0129508,0.261404,24.2289,16411.2,18,27.1096,279.128,10499.7,1.88213,11.3415,15.875
277,1199,1395,23.5682,13204.4,-0.0114454,0.213307,25.878,14270.7,19,31.0546,289.961,8939.5,1.55939,15.892,15.875
278,1199,1396,22.3087,15119.8,-0.0119327,0.252173,25.2126,15009,19,27.611,278.151,9511.83,1.66719,12.2385,15.875
279,1199,1397,26.3164,17299.5,-0.0126894,0.286301,24.2774,15386,17,28.6295,267.89,9938.17,2.12599,12.0416,15.875
280,1209,1056,29.4976,11495.4,-0.011681,-0.034442,26.1438,13861.4,30,35.7974,247.973,10766.1,1.63339,15.5448,42.375
281,1209,1057,32.7915,10856.5,-0.0124904,0.0174035,27.9996,13360.8,17,55.907,249.66,10126.2,1.65038,21.7638,42.375
282,1209,1058,34.1933,10259.4,-0.0127067,0.0799973,29.3185,13128.3,47,53.3498,243.406,10056,2.76567,16.4928,42.375
283,1210,1056,30.8013,10875.5,-0.0114856,0.122415,26.688,13682.8,30,36.0891,241.693,10373.2,1.19456,18.0056,42.375
284,1210,1057,32.9877,10015,-0.0118901,0.157497,28.5998,13119,26,55.8734,244.889,9871.48,1.39229,23.5531,42.375
285,1210,1058,35.1154,9292.56,-0.0127364,0.29841,30.7605,12718.6,31,43.7159,245.981,9471.2,1.31794,21.0162,42.375
286,1211,1056,32.6556,9736.3,-0.0115462,0.356396,26.3358,12489.3,24,36.9216,233.961,9644.17,1.03353,18.115,42.375
287,1211,1057,34.0795,9266.14,-0.0123,0.316906,27.9232,12256.9,30,37.8425,241.128,9559.83,1.16089,16.4836,42.375
288,1211,1058,34.1999,8469.52,-0.0125058,0.292092,30.1634,11989.6,31,39.632,247.821,8980.82,1.32147,16.725,42.375
289,1236,1061,28.9183,6532.01,-0.00910254,-0.182663,24.6067,9023.92,43,37.8652,219.505,7370.83,1.71246,18.0705,44.125
290,1236,1062,28.6636,5769.01,-0.00827936,-0.24901,24.7561,8363.03,22,33.7902,226.903,6869.07,1.20591,17.0299,44.125
291,1236,1063,25.7222,5348.12,-0.00772815,-0.0905711,24.8696,8180.02,23,26.1024,199.563,6491.61,1.12307,12.9106,44.125
292,1237,1061,26.0977,6007.29,-0.00927062,-0.0831053,21.5696,7993.92,14,28.1407,185.212,6949.79,1.97619,10.4849,44.125
293,1237,1062,26.3079,5203.42,-0.00783259,-0.059909,23.2381,7690.34,19,29.2003,179.982,6590.97,1.02219,16.6099,44.125
294,1237,1063,25.1997,5340.33,-0.00733958,0.039066,24.0262,7977.74,21,25.5446,209.153,6478.32,1.52149,10.1271,44.125
295,1238,1061,26.3533,5280.15,-0.0105065,-0.0180884,22.9389,7600.11,21,33.6597,184.556,6559.39,1.54503,15.9313,44.125
296,1238,1062,31.4422,4350.42,-0.00850811,0.242941,26.4273,7496.5,23,29.8882,178.802,6272.05,1.56916,13.1317,44.125
297,1238,1063,29.1185,5453.24,-0.00828445,0.202277,25.7963,8512.96,24,29.8533,181.7,6893.37,1.3076,14.2089,44.125
298,1244,1370,26.1078,24329.7,-0.017449,0.284007,27.2504,20260.6,23,29.4508,279.088,12800.2,3.12128,10.3426,37.25
299,1244,1371,25.1589,25292.3,-0.0170712,0.288146,26.9124,20416.6,22,29.7221,284.755,12787.9,3.20788,10.7656,37.25
300,1244,1372,25.9042,24070.2,-0.0161871,0.290426,27.0298,19846.8,22,33.2266,288.819,12585.4,3.12003,13.2392,37.25
301,1244,922,32.8096,17731.8,-0.0175784,0.195573,29.6953,19080.1,24,29.3975,187.792,13228,1.52912,11.1225,19
302,1244,923,30.0782,18516.3,-0.017546,0.176752,28.4448,19154.9,25,28.866,161.389,13149.3,2.13686,10.8284,19
303,1244,924,29.0856,19003.3,-0.0168844,0.20692,27.8473,19252.3,25,29.5245,168.098,13270.4,1.71343,11.0162,19
304,1245,1370,27.5482,25285.5,-0.017479,0.266133,28.3013,20888.8,23,34.7167,299.002,13410.7,2.92118,14.1031,37.25
305,1245,1371,26.6472,23754.2,-0.0169322,0.264479,27.9314,19903.4,23,34.9266,292.273,12764.1,3.20423,14.5451,37.25
306,1245,1372,27.7222,23144.1,-0.0164382,0.206323,27.9496,19551.5,22,46.244,300.19,12483.8,3.5383,15.4288,37.25
307,1245,922,32.2316,17020.1,-0.0168646,0.210424,29.0475,18740.7,25,30.0069,190.457,12989.5,1.43373,11.179,19
308,1245,923,31.2157,18001.1,-0.0168681,0.240493,28.5094,18866.5,32,29.6687,190.558,12918.5,1.38831,12.1426,19
309,1245,924,30.1068,19955.2,-0.0168053,0.241942,28.1221,20077.8,25,30.0804,189.674,13783.5,1.43759,11.6268,19
310,1246,1370,27.7148,23305.2,-0.0178156,0.156224,29.0695,19953.9,24,46.3837,289.003,13040.2,2.77246,15.699,37.25
311,1246,1371,27.6477,21645.3,-0.0163084,0.186472,28.6898,19217.2,23,45.6845,294.016,12480.3,3.33548,15.1197,37.25
312,1246,1372,29.3352,20952.2,-0.0153559,0.12808,28.6199,18629.2,22,42.8306,293.828,12114.5,3.67715,11.1238,37.25
313,1246,922,31.8923,18428.7,-0.0170297,0.193866,29.1801,20143.8,30,30.4557,211.264,13971,1.6015,10.3807,19
314,1246,923,31.3591,19733.1,-0.0175888,0.192438,28.9583,20592.3,31,31.1454,219.921,14099.7,1.66524,10.0759,19
315,1246,924,30.5645,22255.6,-0.0175829,0.201535,28.4855,22191.5,25,31.1222,223.284,15061.9,1.85001,9.99738,19
316,1259,1341,25.3574,17982.3,-0.0212356,0.117569,28.1455,14171.6,25,25.1306,304.318,8516.21,4.54609,4.09709,21.25
317,1259,1342,25.4267,19108.1,-0.0202092,0.138048,27.6166,14677.7,24,25.3086,292.018,8954.67,3.5801,5.5076,21.25
318,1259,1343,24.8614,20118.7,-0.0193768,0.141329,27.5279,15031.2,24,25.3011,292.833,9173.41,3.32267,5.61574,21.25
319,1260,1341,24.8539,14229.7,-0.019229,0.129395,27.6077,12143.4,25,24.7849,297.508,7140.68,4.47551,4.09951,21.25
320,1260,1342,25.0141,15724.7,-0.0204562,0.125608,28.0491,12197.1,25,25.1701,292.148,7458.3,3.83241,5.18668,21.25
321,1260,1343,27.4774,17772.7,-0.0198603,0.104591,29.0166,13546.1,25,25.4063,295.071,8288.15,3.61288,5.3609,21.25
322,1261,1341,24.9366,12009.1,-0.0153616,0.159342,27.9025,11852.6,25,24.6815,292.507,6652.57,4.52576,4.30849,21.25
323,1261,1342,24.9824,11503.2,-0.0151959,0.151188,27.9107,11210.6,25,25.1688,280.288,6613.2,3.71856,5.61398,21.25
324,1261,1343,31.6923,14333.2,-0.019708,0.10501,30.3445,12125.9,25,25.4392,275.494,7257.07,3.19383,6.07898,21.25
325,1290,976,25.2787,13363.9,-0.0143338,0.084057,24.4755,15749.7,20,26.6512,207.302,10962.6,1.76191,8.32299,18
326,1290,977,26.5305,12145.2,-0.0130938,0.065892,24.7274,15590.6,20,26.0538,184.039,10469.6,2.1683,6.92798,18
327,1290,978,27.9413,14670.3,-0.0136145,0.0869783,24.7656,17749.7,19,26.3138,208.539,11715.3,2.11323,7.71263,18
328,1290,1016,22.7816,6152.19,-0.00855682,0.131554,19.525,9400.96,25,28.5909,207.989,6733.52,3.26261,5.82971,19.375
329,1290,1017,22.7472,6070.28,-0.00821717,0.165757,20.2748,9937.61,24,28.7734,219.87,6693.25,4.58615,5.40422,19.375
330,1290,1018,21.6196,6721.87,-0.00904207,0.138011,19.7043,10008,17,29.2957,211.968,7087.61,4.03329,5.96736,19.375
331,1291,976,24.4785,13679.1,-0.0128931,0.0538254,23.7314,16871.8,21,25.7263,215.263,11481.3,2.33903,6.0546,18
332,1291,977,26.0543,12897.4,-0.0123959,0.0760785,24.2368,16441.9,29,26.2135,206.108,10604.9,2.70682,6.02855,18
333,1291,978,27.3678,14908.4,-0.0123758,0.0867698,24.8031,18368.9,30,26.7001,211.846,11777.1,2.46593,6.02759,18
334,1291,1016,23.072,5931.32,-0.00778145,0.121045,19.2618,8914.9,25,28.3146,213.225,6426.91,2.57084,6.5905,19.375
335,1291,1017,21.6032,5760.38,-0.00777302,0.159729,19.6223,9305.72,24,28.3965,210.308,6508.25,3.40229,5.91267,19.375
336,1291,1018,21.6398,6055.33,-0.00820749,0.175596,19.8253,9588.62,23,28.773,207.688,6708.71,4.31698,5.62627,19.375
337,1292,976,25.3,14951.5,-0.0125064,0.0711415,23.4209,17364.2,28,26.4033,219.108,11912.9,2.28794,5.79062,18
338,1292,977,25.2249,14411,-0.0124195,0.0538731,24.1948,16987.4,20,25.9954,216.804,11122.6,2.42818,5.62408,18
339,1292,978,28.2383,15346.8,-0.0123895,0.0913465,25.3436,18382.7,21,26.7196,215.376,11516.4,2.51857,5.80436,18
340,1292,1016,21.76,5954.61,-0.00865636,0.0967124,18.7538,8619.96,26,28.967,206.761,6591.22,2.3175,7.40085,19.375
341,1292,1017,19.1917,6054.38,-0.00879071,0.111929,18.4707,8841.89,16,28.5405,209.019,6713.62,2.26738,7.58743,19.375
342,1292,1018,19.9907,6525.2,-0.00854365,0.151077,18.9783,9438.35,17,28.6349,201.771,6922.3,2.79625,6.71532,19.375
343,1302,948,33.618,19267.5,-0.0164563,-0.222735,28.7117,19500,20,29.1584,201.305,14463.2,2.1107,11.6991,27.125
344,1302,949,34.2931,16827.2,-0.0164441,-0.242739,29.1581,17883.1,20,29.7571,198.238,13406.7,2.18431,12.2836,27.125
345,1302,950,35.8856,16864.5,-0.0176258,-0.30813,30.0046,18443.2,20,29.6637,180.413,14010.1,1.82207,13.5617,27.125
346,1303,948,32.6011,17844.6,-0.0158267,-0.192935,28.1853,18486,20,29.7289,196.879,13924.2,2.63155,11.4989,27.125
347,1303,949,34.242,16240.6,-0.0155862,-0.218772,28.9196,17753.8,20,30.565,204.266,13441.6,1.84232,12.9547,27.125
348,1303,950,34.3276,15640.6,-0.0157978,-0.264312,29.0779,17911.9,19,26.7949,190.992,13659.3,2.53203,10.3971,27.125
349,1304,948,37.5282,14194.1,-0.0159847,-0.21027,31.1869,16997.7,20,32.821,197.306,12808.9,1.35228,14.7287,27.125
350,1304,949,34.8411,14675.4,-0.0145744,-0.275232,28.4584,16348.8,19,31.1364,208.28,12567.4,1.6266,13.5355,27.125
351,1304,950,36.5126,14497.6,-0.0147129,-0.295558,29.0002,16926.9,21,27.0476,207.9,12954.9,1.79571,10.5736,27.125
352,1312,1459,33.7565,10339.5,-0.0126953,0.0626462,31.1213,12995.2,36,33.2784,245.311,7637.23,3.03107,7.79285,47.375
353,1312,1460,32.9953,11383.3,-0.0124154,0.125938,30.7141,13915.3,34,32.6967,243.863,8030.92,3.31765,9.67971,47.375
354,1312,1461,32.708,11098.8,-0.0119301,0.0255028,30.4126,13782.4,34,35.8843,262.413,7964.84,3.72774,8.57016,47.375
355,1313,1459,32.7901,10751.1,-0.0124832,0.0852224,30.6082,13419.2,35,33.0753,253.725,8129.24,2.58554,7.90068,47.375
356,1313,1460,32.1793,11918.8,-0.0129905,0.144135,29.9655,14202.9,35,31.3748,256.819,8477.55,2.89665,8.53404,47.375
357,1313,1461,31.9044,11411.6,-0.0122552,0.0776577,29.569,13683.5,35,34.4983,248.167,8129.31,3.11019,8.57083,47.375
358,1314,1459,31.4818,10718.3,-0.0122574,0.0702736,29.4809,13400,33,34.683,254.902,8412.62,2.49734,8.43087,47.375
359,1314,1460,30.6416,11903.7,-0.0134002,0.108358,29.1574,13805.6,24,32.8403,249.887,8555.13,2.48425,8.75311,47.375
360,1314,1461,30.2245,11699.8,-0.0126493,0.10042,28.843,13532.8,24,34.0772,257.119,8422.42,2.6648,8.69097,47.375
361,1318,1311,40.3277,7984.91,-0.000411751,0.108067,36.9344,7898.2,41,44.2125,309.456,4786.48,4.744,6.27803,18.5
362,1318,1312,40.3513,6958.06,-0.00178332,0.0806897,36.181,7259.54,41,44.1709,298.022,4571.65,3.56125,7.89488,18.5
363,1318,1313,40.4576,6143.55,-0.00180216,0.0579358,39.2111,7377.77,41,43.5624,291.87,4366.06,3.9697,6.5888,18.5
364,1319,1311,40.2936,9320.92,3.32E-05,0.114739,35.9467,8217.44,41,44.5258,311.299,4880.46,5.23534,6.06892,18.5
365,1319,1312,40.3515,7980.84,-0.0011706,0.103556,37.0351,7671.25,41,44.3497,306.57,4343.78,4.50867,6.59041,18.5
366,1319,1313,40.4532,6503.54,-0.00216874,0.0625696,39.3759,7521.79,41,43.6177,300.726,4258.66,4.244,6.12924,18.5
367,1320,1311,40.3028,8827.59,0.000974623,0.123385,37.3924,8119.73,41,44.2582,310.061,4717.37,6.31982,4.36727,18.5
368,1320,1312,40.3422,8901.74,0.000137808,0.111745,37.0979,8057.76,41,43.9988,311.075,4518.62,5.76873,4.8038,18.5
369,1320,1313,40.0757,7069.24,-0.00241895,0.0759416,37.7409,7739.32,41,42.7706,306.258,4156.7,5.64448,4.67585,18.5
370,1321,863,26.0105,7834.1,-0.00924844,0.125302,27.4404,12140.8,25,28.5531,184.396,8477.39,2.85584,6.57178,48.875
371,1321,864,28.8706,8497.39,-0.0101513,0.1376,27.9478,12709.3,29,28.6197,188.088,8952.27,2.23788,8.00348,48.875
372,1321,865,28.9481,8637.16,-0.0101221,0.131011,28.4142,12736.4,26,28.0936,194.387,8790.36,2.84616,7.01671,48.875
373,1322,863,25.9254,6838.54,-0.00948071,0.122397,28.0409,11536.5,25,28.3687,188.104,7875.01,2.34605,6.69636,48.875
374,1322,864,27.028,8240.55,-0.0107044,0.128501,27.3536,12176.4,24,28.3646,167.913,8449.56,2.14954,7.66537,48.875
375,1322,865,27.8414,8235.85,-0.0101442,0.147216,27.3129,12143,24,28.0416,173.038,8296.66,2.21921,7.56514,48.875
376,1323,863,28.1783,6695.67,-0.0100254,0.152553,28.049,11235.2,23,29.0699,197.152,7561.31,2.06574,8.12911,48.875
377,1323,864,26.6602,8153.55,-0.0110288,0.159098,27.184,11892.8,24,29.5109,197.747,8147.38,1.84848,8.11662,48.875
378,1323,865,26.511,8465.02,-0.0107416,0.117174,26.5716,12061.9,23,28.3292,171.721,8442.48,1.79924,8.60543,48.875
379,1330,979,25.5356,9161.16,-0.0117624,-0.152892,25.3303,12997.4,22,24.9507,216.724,10208.7,2.59752,6.70964,4.5
380,1330,980,26.4005,8190.7,-0.0114139,-0.191795,25.1926,12259.4,21,24.1867,217.882,9494.48,3.15298,6.44987,4.5
381,1330,981,21.3122,9964.74,-0.0111282,-0.13522,22.1404,12875.6,20,24.2464,227.769,9940.34,3.00548,6.57284,4.5
382,1331,979,28.881,7576.36,-0.0112522,-0.128857,27.9046,11869.1,23,26.4428,200.762,9617.45,3.65435,6.82729,4.5
383,1331,980,24.876,9618.78,-0.0111016,-0.141585,23.9035,12472.7,18,25.7587,216.195,9883.08,2.71472,7.48732,4.5
384,1331,981,24.63,9801.62,-0.0113899,-0.152989,23.7946,12552.5,19,25.2132,219.21,10035.6,2.71579,7.33651,4.5
385,1332,979,23.8995,8076.93,-0.0105733,-0.0775272,23.4087,11273.5,19,26.9398,208.466,9155.16,3.67046,7.42931,4.5
386,1332,980,25.0225,9596.54,-0.0112175,-0.121401,23.7583,11898,20,27.5289,204.39,9753.27,2.3148,8.67128,4.5
387,1332,981,23.7679,9385.8,-0.0111426,-0.141037,22.5472,11461,19,26.5794,211.819,9344.56,2.29046,8.47515,4.5
388,1338,1021,22.0121,8320.21,-0.012262,0.0437677,22.1656,11540.6,18,28.0993,179.797,8640.59,1.31549,13.2119,14.5
389,1338,1022,23.465,7285.82,-0.0113908,0.126843,22.3344,10856.7,17,28.369,193.1,8025.84,2.20587,10.4593,14.5
390,1338,1023,25.5341,6116.46,-0.0100581,0.16285,22.5024,9964.37,29,27.9753,189.871,7185.02,3.02184,8.05946,14.5
391,1339,1021,19.7657,8546.86,-0.0115857,-0.0538265,20.5733,10933.2,18,26.4429,187.405,8470.51,1.29824,10.7559,14.5
392,1339,1022,19.8387,8066.9,-0.0117095,0.051117,21.2023,10670.4,17,28.5186,191.131,8088.73,1.47932,11.2933,14.5
393,1339,1023,24.8703,6145.45,-0.0107792,0.08705,22.2145,9900.91,17,28.0265,176.09,7244.88,2.43548,8.71793,14.5
394,1340,1021,20.8766,7769.87,-0.0114873,-0.135603,21.926,10403.5,19,25.4841,198.426,8278.04,1.73683,8.14622,14.5
395,1340,1022,22.9342,7595.91,-0.0119641,-0.0584726,22.8425,10589.5,18,27.2778,181.625,8224.09,2.27226,9.4275,14.5
396,1340,1023,22.2094,7585.77,-0.0115851,0.0310725,21.6412,10589.2,18,27.8848,180.523,7798.74,2.68474,8.72927,14.5
397,1358,1077,30.0319,14293.4,-0.0172601,-0.0531759,26.1801,16285,31,29.8196,201.558,11036,2.23328,6.68214,11.25
398,1358,1078,30.0762,15056.8,-0.0163659,-0.0276919,26.751,16941.9,31,30.4493,203.284,11170.2,2.46281,6.19847,11.25
399,1358,1079,31.0139,12797.8,-0.0145978,-0.00653718,26.9641,15601.6,32,30.925,202.139,10134.8,2.64545,5.88219,11.25
400,1359,1077,29.7184,13779.7,-0.0170612,-0.0329812,25.3515,15975.6,31,30.0844,201.026,10693.6,2.18408,7.01209,11.25
401,1359,1078,30.6065,14478.4,-0.0163232,-0.00384765,26.1616,16341.5,32,31.0709,200.401,10913.9,2.37488,6.66223,11.25
402,1359,1079,30.3775,13162.6,-0.0150059,-0.000433441,26.5188,15568.2,31,30.9902,201.573,10086,2.52051,6.26039,11.25
403,1360,1077,30.458,13504.6,-0.0169499,-0.0116493,25.7073,15614.6,32,30.9598,196.566,10490.1,2.05051,7.85121,11.25
404,1360,1078,31.1844,14044.3,-0.0169526,0.00312141,26.1614,15747.1,32,31.6513,196.377,10717,2.10414,7.70936,11.25
405,1360,1079,25.0499,13106.9,-0.0155322,0.0229585,21.3573,15178,16,32.0252,196.743,9998.89,2.27537,7.3643,11.25
406,1388,970,41.2513,4384.63,-0.00893452,0.0264514,26.2569,6825.39,43,45.4976,202.834,5925.02,3.59973,13.5015,25.75
407,1388,971,37.4454,5218.61,-0.00928312,0.0562666,26.3874,7563.88,40,47.8609,215.949,6626.33,2.37309,15.7751,25.75
408,1388,972,45.5783,3391.93,-0.00882515,0.0327337,30.9338,6522.47,46,48.5473,210.16,5544.54,2.47197,16.6701,25.75
409,1389,970,42.3319,3581.17,-0.00747947,0.0537455,27.9984,6780.23,44,47.6042,225.784,5543.3,3.30189,15.1788,25.75
410,1389,971,40.2631,3907.45,-0.00766869,0.123354,25.9398,6982.68,44,50.1007,222.322,5913.86,2.11053,19.326,25.75
411,1389,972,44.9357,3649.07,-0.00641647,0.141856,30.2604,7192.45,46,49.3128,242.207,5520.71,3.47291,14.8542,25.75
412,1390,970,45.0233,2931.27,-0.00623785,0.0347249,34.833,6978.45,45,46.0027,242.126,5359.41,4.80392,9.56702,25.75
413,1390,971,43.8507,3649.61,-0.0060472,0.110966,30.2648,7719.37,45,48.4719,248.447,5865.75,3.36988,14.8414,25.75
414,1390,972,45.1453,3866.66,-0.0052178,0.0572243,33.7025,7671.75,46,47.9766,250.532,5633.58,2.67528,13.6888,25.75
415,1393,1471,31.9996,20761.2,-0.0201866,0.108099,30.9329,13174.7,27,30.8714,274.744,6364.91,5.6227,5.2959,29.75
416,1393,1472,33.3848,19840,-0.0198674,0.102275,31.3917,13185,35,31.5142,263.54,6249.77,4.84995,7.12798,29.75
417,1393,1473,33.2274,21369,-0.0201659,0.0776921,31.2434,13640.7,27,31.2861,262.261,6484.07,4.46502,7.3644,29.75
418,1394,1471,34.3557,18715.5,-0.0192979,0.0757932,31.9113,12441.6,36,31.1154,275.375,5916.39,5.81493,5.45153,29.75
419,1394,1472,35.2092,20343.6,-0.0198687,0.0430508,32.2239,13379.1,36,33.037,264.904,6197.21,4.61486,7.78479,29.75
420,1394,1473,34.2718,20997,-0.0183828,0.0479771,32.364,13762.8,35,32.1108,269.546,6217.23,4.01412,8.74591,29.75
421,1395,1471,34.0938,20755.4,-0.0220855,0.0396727,31.8879,12679.3,36,32.0903,273.073,6149.01,5.91448,5.52382,29.75
422,1395,1472,34.2381,22896.6,-0.0205136,0.0316081,31.9981,14267.4,35,33.9407,279.063,6847.2,5.14811,7.69836,29.75
423,1395,1473,34.1116,21440.6,-0.0185378,0.00482428,31.248,14137.9,26,34.459,275.253,6479.97,4.25296,9.98618,29.75
424,1414,1216,36.3503,4364.46,-0.0102893,0.104304,25.3185,8120.29,17,31.0549,227.781,5512.56,3.61389,12.8581,30
425,1414,1217,20.8356,4107.81,-0.00925281,0.122697,23.4172,7852.13,19,26.6693,224.857,5226.53,3.94864,8.39451,30
426,1414,1218,19.1835,4200,-0.0108311,0.0509478,21.303,7453.34,19,24.1336,218.236,5046.8,4.87566,7.08236,30
427,1415,1216,25.2227,4594.6,-0.0110663,0.0339306,24.7175,7775.03,18,27.5236,215.634,5578.51,4.1863,9.89246,30
428,1415,1217,24.6357,4253.55,-0.00986096,0.127746,24.845,8090.6,19,28.4741,226.762,5571.89,4.59995,9.2742,30
429,1415,1218,20.7334,4046.11,-0.011395,0.081147,22.7645,7424,17,26.025,218.724,5056.25,4.48248,8.89003,30
430,1416,1216,24.2702,4769.8,-0.0119076,0.0155981,23.2421,7383.4,17,26.6402,216.577,5407.68,3.81348,9.35548,30
431,1416,1217,42.0141,4827.74,-0.0109369,0.14018,25.4253,8219.76,18,29.919,227.112,5894.39,4.86938,10.2667,30
432,1416,1218,38.5883,4248.16,-0.0108155,0.150518,24.7937,7500.29,19,29.5349,223.833,5210.83,4.7594,10.6956,30
433,1434,928,39.8445,2595.55,-0.00331808,-0.0825641,36.29,6272.65,40,36.5786,294.711,3484.12,5.96207,4.61483,33.5
434,1434,929,38.3368,2946.75,-0.00324829,-0.121279,36.0701,6732.5,38,36.3967,285.681,4157.21,4.18972,6.61078,33.5
435,1434,930,38.6508,2007.33,-0.00319256,-0.104893,36.4725,5624.56,39,35.4119,288.886,3336.47,5.37869,4.5445,33.5
436,1435,928,38.9256,2880.29,-0.00342211,-0.0767075,35.0143,6705.09,40,36.5878,295.996,3833.09,5.4785,5.45204,33.5
437,1435,929,39.5414,2262.93,-0.0026907,-0.129916,36.362,5919.13,40,36.0271,283.302,3629.84,4.2566,6.25425,33.5
438,1435,930,38.8928,1900.74,-0.00225213,-0.110286,35.9752,5424.36,39,35.6471,289.122,3120.56,5.33234,4.86904,33.5
439,1436,928,38.1143,2591.52,-0.00294321,-0.0519947,34.0676,6510.57,39,36.7103,299.351,3706.14,5.18939,6.28725,33.5
440,1436,929,39.9816,1985.06,-0.00290998,-0.112293,36.5917,5279.87,40,36.3786,278.838,3289.34,4.40775,6.23517,33.5
441,1436,930,39.0117,2094.63,-0.00262345,-0.115212,35.9701,5684.05,39,35.8661,288.268,3346.2,4.89723,5.35283,33.5
442,1456,1180,21.7777,3849.67,-0.00890123,0.142135,21.6983,7363.75,21,28.9232,203.238,4759.31,2.05105,9.45257,16.125
443,1456,1181,25.358,3658.86,-0.00971174,0.173928,20.5824,6918.89,12,30.1955,198.993,4385.34,3.16355,8.15134,16.125
444,1456,1182,24.0648,4224.64,-0.00958131,0.206679,20.4919,7383.43,24,30.7254,207.421,4414.01,2.93659,8.77241,16.125
445,1457,1180,21.3879,4987.86,-0.00853654,0.118983,21.5305,8422.51,21,27.5968,220.62,5318.01,2.63937,7.49836,16.125
446,1457,1181,24.2547,4535.86,-0.00899019,0.164872,20.3821,7623.54,25,28.7179,191.615,4768.85,3.9203,6.35736,16.125
447,1457,1182,23.8832,5470.05,-0.0095173,0.172409,20.3036,8231.9,25,28.4626,203.922,4892.57,3.37985,7.14214,16.125
448,1458,1180,22.3267,4781.22,-0.00832279,0.136893,22.0643,8176.55,22,27.5832,222.099,5357.91,3.35697,7.0449,16.125
449,1458,1181,22.6921,4738.66,-0.0081095,0.144861,20.3113,7513.03,25,27.4817,216.202,4779.3,4.59799,5.34027,16.125
450,1458,1182,21.9759,5837.58,-0.00843952,0.110119,20.4799,8317.68,24,26.2836,223.389,4939.44,3.90846,5.3087,16.125
451,1488,946,41.1989,2445.39,-0.00274891,-0.138623,35.3003,6635.2,19,37.2186,272.677,4295.19,2.985,9.77533,4.25
452,1488,947,38.6264,3225.52,-0.00198768,-0.125307,32.2965,7496.32,22,38.1636,287.901,4841.16,3.19378,10.671,4.25
453,1488,948,38.0863,3629.25,-0.0014385,-0.094391,30.7461,8186.5,22,40.5162,298.562,5227.27,3.25724,13.462,4.25
454,1489,946,40.3049,2819.46,-0.00308623,-0.0935842,32.2798,6942,19,37.3424,293.576,4489.8,2.89066,10.7675,4.25
455,1489,947,38.5236,3457.92,-0.00221837,-0.0851763,30.8221,7666.35,20,38.2583,295.265,4867,3.3428,11.1144,4.25
456,1489,948,36.189,4076.21,-0.00195446,-0.0821703,29.4229,8626.64,21,40.9858,300.007,5481.68,3.22423,14.566,4.25
457,1490,946,40.3552,2443.11,-0.00335555,-0.0732449,30.0282,6297.33,17,38.3604,284.129,4030.92,2.67489,13.2499,4.25
458,1490,947,36.89,3667.01,-0.00329004,-0.0648918,27.8745,7896.23,19,38.4392,297.343,4930.68,3.58886,12.8536,4.25
459,1490,948,34.8974,3944.33,-0.00285186,-0.0812368,28.1366,8175.02,20,40.772,287.804,5374.04,3.14676,15.277,4.25
